start,end,start-geopoint,latitude,longitude,altitude,precision,consent,Date,Location,_Location_latitude,_Location_longitude,_Location_altitude,_Location_precision,gender,age,education,farm_type,chicken,pigs,years_farming,often,products_erbal,Products_vaccines,products_None,Determination_Label ,determination_onsultation ,determination_recommendations,determination_experience,determination_Veterinary,detremination_dn,purpose,purpose_treat_diseases,purpose_prevent_diseases,Purpose_growth_promotion,Purpose_other,Specify,disease_chicken_Newcastle ,disease_chicken_Infectious_Bursal ,disease_chicken_Coccidiosis,disease_chicken_coryza,disease_chicken_Cholera,diseases_chicken_fowl_Pox,disease_chicken_Worms,disease_chicken_parasites,disease_pig_Diarrhea,Disease_pig_Mange,disease_pigs_African_swine,disease_pig_Swine_Erysipelas,disease_pig_Pneumonia,disease_pig_Swine_dysentery,disease_pig_Malnutrition,disease_pig_Brucellosis,disease_pig_Anthrax,disease_pig_scouring,disease_pig_Foot_mouth, consult_health ,where_purchase_Veterinarian,where_purchase_Agrovet,where_purchase_pharmacy,where_purchase_Vendors,where_purchase_Other,Specify,8. Which of the following antibiotics are used on your farm?,used_Penicillin,used_Oxytetracycline,used_Trimethoprim_Sulfamethoxazole,used_Sulfadiazine,used_Enrofloxacin,used_Gentamicin,used_Amoxicillin,used_Doxycycline,used_Tylosin,used_Colistin,used_other,used_Penicillin1,used_Penicillin2,used_Oxytetracycline,used_Oxytetracycline1,used_Oxytetracycline2,used_Oxytetracycline3,used_Sulfamethoxazole1,used_Sulfamethoxazole2,used_Enrofloxacin,used_Doxycycline1,used_Doxycycline2,used_Oxytetracycline,Specify,administer_Veterinarian,administer_owner,administer_Farmworker,administer_Other_farmers,administer_Other,Specify,info_Veterinarian,info_health_professionals,info_extension,info_Other_farmers,info_Online,info_tv_radio,info_friends,info_Agrovet ,info_Other,Specify,follow_prescription,check_expiry,increase_dosage,improvement_stop,misuse_amr,training_usage,consult_veterinan,amr_is_problem,regulations,withdraw,importance_withdraw,determine_withdraw_instructions,determine_withdraw_advice,determine_withdraw_Agrovet,determine_withdraw_Other_farmers,determine_withdraw_experience,determine_withdraw_dn,sold_consumed,e_dispose_return,e_dispose_Incineration,e_dispose_as_waste,e_dispose_field,e_dispose_Other,24. How do you dispose empty antibiotic packaging?,p_dispose_Reuse,p_dispose_Incineration,p_dispose_as_waste,p_dispose_field,measures_safe_disposal,26. How do you typically manage manure from your livestock?,manure_mngt_composting,manure_mngt_fields,manure_mngt_Storing,manure_mngt_landfill,manure_mngt_Other,Specify,27. How long do you usually store manure before using or disposing them?,store_lessweek,store_1-2 weeks,store_morethan2,store_dont_store,improve_soil,_id,_uuid,_submission_time,_validation_status,_notes,_status,_submitted_by,__version__,_tags,_index
2024-09-30T12:23:28.216+02:00,2024-10-01T06:22:33.769+02:00,-15.645238 35.0109723 688.6 9.1,-15.645238,35.0109723,688.6,9.1,Yes,1/10/2024,-15.6417499 35.0061752 693.8 4.98,-15.6417499,35.0061752,693.8,4.98,Male,36-49,Tertiary education,Pig Farm,,37,5,1,0,0,0,1,1,0,0,1,0,To treat diseases To prevent diseases,1,1,0,0,,,,,,,,,,0,0,0,0,1,0,0,0,0,0,1,Sometimes,1,1,0,0,0,,Penicillin Oxytetracycline Penicillin Oxytetracycline Oxytetracycline Oxytetracycline Gentamicin Trimethoprim-Sulfamethoxazole Trimethoprim-Sulfamethoxazole,0,0,0,0,0,1,0,0,0,0,0,1,1,1,1,0,1,1,1,0,0,0,1,,1,0,0,0,0,,1,0,0,0,0,0,0,1,0,,Yes,Yes,No,No,No,No,Yes,Yes,No,No,No,0,0,0,0,0,1,Yes,0,0,1,0,0,Disposal in regular waste,0,0,1,0,Yes,Composting,1,0,0,0,0,,More than two weeks,0,0,1,0,Yes,389780185,f801f767-f5aa-49a8-bb8c-74fff3e1122a,2024-10-01T04:26:49,,,submitted_via_web,khethire1,vtuqCcaWP7z6j38qRcYFDt,,1
2024-10-01T07:05:54.640+02:00,2024-10-01T07:11:05.894+02:00,-15.6397225 35.0046734 704.6 3.0,-15.6397225,35.0046734,704.6,3,Yes,1/10/2024,-15.6397693 35.004533 725.9 1.9,-15.6397693,35.004533,725.9,1.9,Male,>50,Primary school,Pig Farm,,9,6,1,0,1,0,0,1,0,0,1,0,To treat diseases To prevent diseases,1,1,0,0,,,,,,,,,,0,0,1,0,1,0,0,1,1,0,1,Sometimes,0,1,0,0,0,,Oxytetracycline Oxytetracycline Oxytetracycline Oxytetracycline Penicillin Penicillin,0,0,0,0,0,0,0,0,0,0,0,1,1,1,1,0,1,0,0,0,0,0,1,,1,0,0,0,0,,0,0,0,0,0,0,0,1,0,,No,No,No,No,I don't know,No,I don't know,I don't Know,No,No,No,0,0,0,0,0,1,Yes,0,0,1,0,0,Disposal in regular waste,0,0,1,0,No,Spreading directly on fields,0,1,0,0,0,,More than two weeks,0,0,1,0,Yes,389788735,2ae6bb47-2e17-4244-8460-82121abed194,2024-10-01T05:15:07,,,submitted_via_web,khethire1,vtuqCcaWP7z6j38qRcYFDt,,2
2024-10-01T06:59:24.395+02:00,2024-10-01T07:03:59.246+02:00,-15.6390581 35.0050518 704.3 2.22,-15.6390581,35.0050518,704.3,2.22,Yes,1/10/2024,-15.6390528 35.0050976 699.1 2.666,-15.6390528,35.0050976,699.1,2.666,Female,21-35,Secondary school,Pig Farm,,12,2,1,0,1,0,1,1,0,0,1,0,To treat diseases To prevent diseases,1,1,0,0,,,,,,,,,,0,1,0,0,1,0,0,1,0,0,0,Sometimes,1,1,0,0,0,,Penicillin Penicillin Oxytetracycline Oxytetracycline Oxytetracycline Oxytetracycline,0,0,0,0,0,0,0,0,0,0,0,1,1,1,1,0,1,0,0,0,0,0,1,,1,0,0,0,0,,1,0,0,0,0,0,0,1,0,,No,No,No,No,I don't know,No,Yes,I don't Know,No,No,No,0,0,0,0,0,1,Yes,0,0,1,0,0,Disposal in regular waste,0,0,1,0,Yes,Composting,1,0,0,0,0,,More than two weeks,0,0,1,0,Yes,389788739,6fe5147b-c68b-4064-a71a-e2e0343f249b,2024-10-01T05:15:07,,,submitted_via_web,khethire1,vtuqCcaWP7z6j38qRcYFDt,,3
2024-10-01T06:49:18.721+02:00,2024-10-01T06:55:25.239+02:00,-15.6393424 35.0052046 702.9 3.0,-15.6393424,35.0052046,702.9,3,Yes,1/10/2024,-15.6393262 35.0051924 702.3 3.525,-15.6393262,35.0051924,702.3,3.525,Female,36-49,Primary school,Pig Farm,,5,5,1,0,0,0,1,1,0,0,1,0,To treat diseases To prevent diseases,1,1,0,0,,,,,,,,,,0,0,1,0,1,1,0,0,0,0,0,Always,1,1,0,0,0,,Penicillin Penicillin Oxytetracycline Oxytetracycline Oxytetracycline Oxytetracycline Trimethoprim-Sulfamethoxazole Gentamicin Tylosin Amoxicillin Sulfadiazine,0,0,0,1,0,1,1,0,1,0,0,1,1,1,1,0,1,1,0,0,0,0,1,,1,0,0,0,0,,1,0,0,0,0,0,0,1,0,,No,No,No,No,I don't know,No,Yes,I don't Know,No,Yes,Yes,0,1,1,0,0,0,No,0,0,1,0,0,Disposal in regular waste,0,0,1,0,Yes,Composting,1,0,0,0,0,,More than two weeks,0,0,1,0,Yes,389788744,654b42ec-81a6-4111-af25-c47753b17eef,2024-10-01T05:15:08,,,submitted_via_web,khethire1,vtuqCcaWP7z6j38qRcYFDt,,4
2024-10-01T06:25:42.997+02:00,2024-10-01T06:42:41.445+02:00,-15.6417053 35.0063037 694.0 2.82,-15.6417053,35.0063037,694,2.82,Yes,1/10/2024,-15.6397379 35.0062885 695.8 4.613,-15.6397379,35.0062885,695.8,4.613,Female,21-35,Primary school,Pig Farm,,4,2,1,0,0,0,0,0,0,1,0,0,To treat diseases To prevent diseases,1,1,0,0,,,,,,,,,,0,0,0,0,1,0,0,0,0,0,0,Sometimes,0,1,0,0,0,,Penicillin Penicillin Oxytetracycline Oxytetracycline Oxytetracycline Oxytetracycline Trimethoprim-Sulfamethoxazole,0,0,0,0,0,0,0,0,0,0,0,1,1,1,1,0,1,1,0,0,0,0,1,,0,0,0,1,0,,0,1,0,0,0,0,0,0,0,,No,No,No,No,I don't know,No,I don't know,I don't Know,No,No,No,0,0,0,0,0,1,Yes,0,0,0,1,0,Disposal on open field or water body,0,0,0,1,No,Composting,1,0,0,0,0,,More than two weeks,0,0,1,0,Yes,389788748,4b8301e2-085c-442f-96cf-074a2be17ab0,2024-10-01T05:15:09,,,submitted_via_web,khethire1,vtuqCcaWP7z6j38qRcYFDt,,5
2024-10-01T07:30:16.539+02:00,2024-10-01T07:33:14.064+02:00,-15.6425142 35.0001252 727.1 2.016,-15.6425142,35.0001252,727.1,2.016,Yes,1/10/2024,-15.64249 35.0001592 730.1 4.38,-15.64249,35.0001592,730.1,4.38,Male,36-49,Tertiary education,Pig Farm,,53,4,1,0,0,0,1,1,0,0,1,0,To treat diseases To prevent diseases,1,1,0,0,,,,,,,,,,0,0,1,0,1,0,0,1,1,1,1,Always,1,1,0,0,0,,Penicillin Penicillin Oxytetracycline Oxytetracycline Oxytetracycline Oxytetracycline Trimethoprim-Sulfamethoxazole Trimethoprim-Sulfamethoxazole Sulfadiazine Amoxicillin,0,0,0,1,0,0,1,0,0,0,0,1,1,1,1,0,1,1,1,0,0,0,1,,1,0,0,0,0,,1,1,0,0,0,0,0,1,0,,Yes,Yes,Yes,Yes,Yes,No,Yes,Yes,Yes,Yes,Yes,0,1,1,0,0,0,Yes,0,0,1,0,0,Disposal in regular waste,0,0,1,0,Yes,Composting,1,0,0,0,0,,More than two weeks,0,0,1,0,Yes,389796441,be88ddac-953e-4213-84c2-a3547811527e,2024-10-01T05:49:04,,,submitted_via_web,khethire1,vtuqCcaWP7z6j38qRcYFDt,,6
2024-10-01T07:43:31.613+02:00,2024-10-01T07:48:11.604+02:00,-15.6429604 35.0034375 738.1 3.8,-15.6429604,35.0034375,738.1,3.8,Yes,1/10/2024,-15.6429663 35.0034559 741.5 4.9,-15.6429663,35.0034559,741.5,4.9,Male,36-49,Tertiary education,Poultry farm,78,,2,1,0,0,0,0,0,0,0,1,0,For growth promotion To treat diseases To prevent diseases,1,1,1,0,,1,1,1,0,0,0,0,0,,,,,,,,,,,,Always,0,1,0,0,0,,Oxytetracycline Sulfadiazine,0,0,0,1,0,0,0,0,0,0,0,0,0,0,0,0,1,0,0,0,0,0,0,,1,0,0,0,0,,0,0,0,0,0,0,0,1,0,,Yes,Yes,No,No,Yes,Yes,Yes,Yes,Yes,Yes,Yes,0,0,1,0,0,0,Yes,0,0,1,0,0,Disposal in regular waste,0,0,1,0,Yes,Composting,1,0,0,0,0,,More than two weeks,0,0,1,0,Yes,389796447,7bafc7dc-7de8-449e-911f-01eae07188ff,2024-10-01T05:49:05,,,submitted_via_web,khethire1,vtuqCcaWP7z6j38qRcYFDt,,7
2024-10-01T08:20:58.020+02:00,2024-10-01T08:24:16.477+02:00,-15.6512547 35.0090736 729.3 1.6,-15.6512547,35.0090736,729.3,1.6,Yes,1/10/2024,-15.6512617 35.009077 729.4 2.233,-15.6512617,35.009077,729.4,2.233,Male,36-49,Secondary school,Poultry farm,150,,3,1,0,1,0,0,1,0,0,0,0,To treat diseases To prevent diseases For growth promotion,1,1,1,0,,1,0,0,0,0,0,1,0,,,,,,,,,,,,Always,1,1,0,0,0,,Oxytetracycline,0,0,0,0,0,0,0,0,0,0,0,0,0,1,0,0,0,0,0,0,0,0,0,,1,0,0,0,0,,0,0,0,0,0,0,0,1,0,,Yes,Yes,No,No,Yes,No,Yes,Yes,Yes,Yes,Yes,0,0,1,0,0,0,Yes,0,0,1,0,0,Disposal in regular waste,0,0,1,0,Yes,Composting,1,0,0,0,0,,More than two weeks,0,0,1,0,Yes,390081983,a0fc4c8a-d646-497a-a627-89fb39a82185,2024-10-01T16:38:07,,,submitted_via_web,khethire1,vtuqCcaWP7z6j38qRcYFDt,,8
2024-10-01T08:10:32.770+02:00,2024-10-01T08:16:01.128+02:00,-15.6509087 35.0068867 731.7 1.733,-15.6509087,35.0068867,731.7,1.733,Yes,1/10/2024,-15.6514033 35.00706 743.6 2.4,-15.6514033,35.00706,743.6,2.4,Female,36-49,Secondary school,Poultry farm,59,,2,1,0,1,0,0,1,0,0,0,0,To prevent diseases For growth promotion,0,1,1,0,,1,0,0,0,0,0,1,0,,,,,,,,,,,,Always,1,1,0,0,0,,Oxytetracycline Trimethoprim-Sulfamethoxazole,0,0,0,0,0,0,0,0,0,0,0,0,0,1,0,0,0,1,0,0,0,0,0,,1,0,0,0,0,,1,0,0,0,0,0,0,1,0,,Yes,Yes,No,No,Yes,No,Yes,Yes,No,Yes,Yes,0,0,1,0,0,0,Yes,0,0,1,0,0,Disposal in regular waste,0,0,1,0,Yes,Composting,1,0,0,0,0,,More than two weeks,0,0,1,0,Yes,390081997,a92bfb22-4c0f-470d-8f31-5926cace5ee1,2024-10-01T16:38:08,,,submitted_via_web,khethire1,vtuqCcaWP7z6j38qRcYFDt,,9
2024-10-01T07:59:52.451+02:00,2024-10-01T08:04:31.905+02:00,-15.6469318 35.0016366 726.4 2.36,-15.6469318,35.0016366,726.4,2.36,Yes,1/10/2024,-15.646943 35.0016326 721.8 4.68,-15.646943,35.0016326,721.8,4.68,Male,36-49,Secondary school,Poultry farm,150,,2,1,0,1,0,0,0,0,0,1,0,For growth promotion To prevent diseases,0,1,1,0,,1,0,0,0,0,0,0,0,,,,,,,,,,,,Always,0,1,0,0,0,,Oxytetracycline,0,0,0,0,0,0,0,0,0,0,0,0,0,0,0,0,0,0,0,0,0,0,1,,1,0,0,0,0,,0,0,0,0,0,0,0,1,0,,Yes,Yes,No,No,Yes,Yes,Yes,Yes,Yes,Yes,Yes,0,0,1,0,0,0,Yes,0,0,1,0,0,Disposal in regular waste,0,0,1,0,Yes,Composting,1,0,0,0,0,,More than two weeks,0,0,1,0,Yes,390082007,923a3b83-df4d-41b3-856d-1413c8753769,2024-10-01T16:38:08,,,submitted_via_web,khethire1,vtuqCcaWP7z6j38qRcYFDt,,10
2024-10-01T07:50:34.366+02:00,2024-10-01T07:55:45.559+02:00,-15.6401781 35.0022997 719.4 4.2,-15.6401781,35.0022997,719.4,4.2,Yes,1/10/2024,-15.6401344 35.0023044 723.3 4.82,-15.6401344,35.0023044,723.3,4.82,Female,21-35,Secondary school,Poultry farm,100,,1,1,0,1,0,0,1,0,0,1,0,To treat diseases To prevent diseases For growth promotion,1,1,1,0,,1,0,0,0,0,0,0,0,,,,,,,,,,,,Always,0,1,0,0,0,,Oxytetracycline,0,0,0,0,0,0,0,0,0,0,0,0,0,1,0,0,0,0,0,0,0,0,0,,1,0,0,0,0,,0,0,0,0,0,0,0,1,0,,Yes,Yes,No,Yes,Yes,Yes,Yes,Yes,Yes,Yes,Yes,0,0,1,0,0,0,Yes,0,0,1,0,0,Disposal in regular waste,0,0,1,0,Yes,Composting,1,0,0,0,0,,More than two weeks,0,0,1,0,Yes,390082017,7703cf81-96cd-4b07-9c8f-1a93f0bc5060,2024-10-01T16:38:09,,,submitted_via_web,khethire1,vtuqCcaWP7z6j38qRcYFDt,,11
2024-10-02T11:58:56.089+02:00,2024-10-02T12:03:35.613+02:00,-15.6069606 35.0572719 682.5 2.95,-15.6069606,35.0572719,682.5,2.95,Yes,2/10/2024,-15.6069327 35.0572631 682.3 4.56,-15.6069327,35.0572631,682.3,4.56,Male,>50,Secondary school,Poultry farm,300,,5,1,0,1,0,1,1,0,0,1,0,To treat diseases To prevent diseases For growth promotion,1,1,1,0,,1,1,0,0,0,0,0,0,,,,,,,,,,,,Sometimes,0,1,0,0,0,,Penicillin Penicillin Oxytetracycline Oxytetracycline Oxytetracycline Oxytetracycline,0,0,0,0,0,0,0,0,0,0,0,1,1,1,1,0,1,0,0,0,0,0,1,,1,0,0,0,0,,0,0,0,0,0,0,0,1,0,,Yes,Yes,No,No,Yes,Yes,Yes,Yes,Yes,Yes,Yes,0,0,1,0,0,0,Yes,0,0,1,0,0,Disposal in regular waste,0,0,1,0,Yes,Composting,1,0,0,0,0,,More than two weeks,0,0,1,0,Yes,390359210,06c3b4e8-5e7b-4cc1-a66c-1a45c893f0c4,2024-10-02T11:07:39,,,submitted_via_web,khethire1,vtuqCcaWP7z6j38qRcYFDt,,12
2024-09-30T11:55:18.225+02:00,2024-10-02T15:21:18.084+02:00,,,,,,Yes,30/09/2024,-15.7360927 35.082822 1057.6000000000001 4.12,-15.7360927,35.082822,1057.6,4.12,Male,36-49,Tertiary education,Poultry farm,20,,1,1,0,1,0,1,1,0,0,1,0,To treat diseases To prevent diseases,1,1,0,0,,0,0,0,0,0,0,1,1,,,,,,,,,,,,Sometimes,0,1,0,0,0,,Trimethoprim-Sulfamethoxazole Oxytetracycline Oxytetracycline,,,,0,,0,0,,0,0,0,0,0,1,0,,0,1,0,0,0,0,1,,0,1,0,0,0,,1,0,0,0,0,0,0,1,0,,Yes,Yes,No,No,Yes,No,Yes,Yes,No,Yes,Yes,1,1,1,0,0,0,I don't know,0,0,0,0,1,Disposal in regular waste,0,0,1,0,Yes,Storing for later use,0,0,1,0,0,,More than two weeks,0,0,1,0,I don't know,390426619,71e93942-d9ba-422f-85b6-68c0dd40ebe0,2024-10-02T13:21:51,,,submitted_via_web,khethire1,v7EXnnZAAbyiXdyZAD6ifa,,13
2024-10-01T09:49:49.653+02:00,2024-10-02T15:21:37.619+02:00,,,,,,Yes,1/10/2024,-15.7901361 35.0692657 1184.3 4.0,-15.7901361,35.0692657,1184.3,4,Male,36-49,Tertiary education,Both,16,6,1,1,0,1,0,1,1,0,1,1,0,To treat diseases To prevent diseases,1,1,0,0,,0,0,0,1,0,0,1,1,1,1,0,0,1,0,0,1,0,0,0,Sometimes,1,1,0,0,0,,Penicillin Oxytetracycline Amoxicillin Gentamicin,0,0,0,0,0,1,1,0,0,0,0,1,0,1,0,0,0,0,0,0,0,0,0,,1,1,0,0,0,,1,0,0,0,0,0,0,1,0,,Yes,Yes,No,No,Yes,No,Yes,Yes,No,Yes,Yes,1,1,1,0,0,0,No,0,0,1,0,0,Disposal in regular waste,0,0,1,0,I don't know,Other (Please specify),0,0,0,0,1,Selling,1-2 weeks,0,1,0,0,I don't know,390426629,4020dbe5-1c07-44a3-9dd4-d984539bd1d8,2024-10-02T13:21:52,,,submitted_via_web,khethire1,vtuqCcaWP7z6j38qRcYFDt,,14
2024-10-01T11:20:11.747+02:00,2024-10-02T15:21:28.465+02:00,,,,,,Yes,1/10/2024,-15.734455 35.0841075 1015.6999999999999 5.0,-15.734455,35.0841075,1015.7,5,Female,21-35,Secondary school,Poultry farm,25,,1,1,1,1,0,0,1,0,0,0,0,To treat diseases To prevent diseases,1,1,0,0,,0,0,0,1,0,0,1,1,,,,,,,,,,,,Always,1,0,0,0,0,,Trimethoprim-Sulfamethoxazole Oxytetracycline,0,0,0,0,0,0,0,0,0,0,0,0,0,0,0,0,0,1,0,0,0,0,1,,1,1,0,0,0,,1,0,0,0,0,0,0,0,0,,Yes,Yes,No,No,I don't know,No,Yes,I don't Know,No,Yes,Yes,1,1,0,0,0,0,No,0,0,1,0,0,Disposal in regular waste,0,0,1,0,I don't know,Storing for later use,0,0,1,0,0,,More than two weeks,0,0,1,0,I don't know,390426638,0017d984-60f6-4926-8d62-d5129cb58763,2024-10-02T13:21:53,,,submitted_via_web,khethire1,vtuqCcaWP7z6j38qRcYFDt,,15
2024-10-01T10:03:57.416+02:00,2024-10-01T10:57:39.835+02:00,-15.8687933 34.9528983 869.7 5.8,-15.8687933,34.9528983,869.7,5.8,Yes,1/10/2024,-15.8686985 34.9529748 869.8000000000001 4.7,-15.8686985,34.9529748,869.8,4.7,Male,21-35,Tertiary education,Pig Farm,,32,1,1,0,0,0,0,1,0,0,1,0,To treat diseases To prevent diseases,1,1,0,0,,,,,,,,,,1,1,0,0,1,0,0,0,0,0,0,Always,1,0,0,0,0,,Penicillin Oxytetracycline Oxytetracycline Oxytetracycline Oxytetracycline Penicillin Doxycycline Amoxicillin Gentamicin,0,0,0,0,0,1,1,0,0,0,0,1,1,1,1,0,1,0,0,0,1,0,1,,1,1,0,0,0,,1,0,0,0,0,0,0,0,0,,Yes,Yes,No,Yes,I don't know,No,Yes,I don't Know,No,No,No,0,1,0,0,0,0,Yes,0,0,1,0,0,Disposal in regular waste,0,0,1,0,No,Composting,1,0,0,0,0,,More than two weeks,0,0,1,0,No,390743546,acc95cfd-010d-42e4-aa8f-a95d6030fd96,2024-10-03T08:51:05,,,submitted_via_web,khethire1,vtuqCcaWP7z6j38qRcYFDt,,16
2024-10-01T11:33:01.983+02:00,2024-10-01T11:59:29.236+02:00,-15.8719505 34.9512267 887.3000000000001 9.039,-15.8719505,34.9512267,887.3,9.039,Yes,1/10/2024,-15.8719786 34.9511948 887.3000000000001 4.844,-15.8719786,34.9511948,887.3,4.844,Male,36-49,Secondary school,Pig Farm,,11,3,1,1,0,0,0,0,1,0,1,0,To prevent diseases To treat diseases For growth promotion,1,1,1,0,,,,,,,,,,1,1,0,1,1,0,0,0,0,1,0,Sometimes,1,1,0,0,0,,Penicillin Oxytetracycline Oxytetracycline Oxytetracycline Penicillin Other (specify),0,0,0,0,0,0,0,0,0,0,1,1,1,1,1,0,1,0,0,0,0,0,0,"Iron, ivermectin, multivitamin ",1,1,0,1,0,,1,0,0,1,1,0,1,0,0,,No,Yes,Yes,Yes,I don't know,No,Yes,No,No,No,No,0,1,0,1,0,0,Yes,0,0,1,0,0,Disposal in regular waste,0,0,1,0,No,Disposing of it in a landfill,0,0,0,1,0,,I don't store manure,0,0,0,1,I don't know,390743554,9743deea-484e-4adb-aad2-c8acbf5527d2,2024-10-03T08:51:06,,,submitted_via_web,khethire1,vtuqCcaWP7z6j38qRcYFDt,,17
2024-10-02T10:36:26.160+02:00,2024-10-03T05:01:42.484+02:00,-15.89374 34.978355 819.7 2.2,-15.89374,34.978355,819.7,2.2,Yes,2/10/2024,-15.8937934 34.978467 818.8000000000001 4.5,-15.8937934,34.978467,818.8,4.5,Male,21-35,Tertiary education,Poultry farm,275,,1,1,1,1,0,0,1,1,1,1,0,To treat diseases To prevent diseases For growth promotion,1,1,1,0,,0,0,1,1,0,0,1,1,,,,,,,,,,,,Always,1,0,0,0,0,,Oxytetracycline Other (specify) Trimethoprim-Sulfamethoxazole,0,0,0,0,0,0,0,0,0,0,1,0,0,0,0,0,0,1,0,0,0,0,1,"Alysel, Trimovet, ampolium,",1,1,0,0,0,,1,0,0,1,0,0,1,0,0,,Yes,Yes,Yes,No,Yes,No,Yes,Yes,No,No,Yes,0,1,0,0,0,0,No,0,0,1,0,0,Disposal in regular waste,0,0,1,0,No,Storing for later use,0,0,1,0,0,,More than two weeks,0,0,1,0,I don't know,390743559,4535efe5-3854-42f8-997e-3df9c80c2b44,2024-10-03T08:51:06,,,submitted_via_web,khethire1,vtuqCcaWP7z6j38qRcYFDt,,18
2024-10-02T13:15:16.943+02:00,2024-10-03T04:56:43.348+02:00,-15.9164945 34.9833827 786.5 2.45,-15.9164945,34.9833827,786.5,2.45,Yes,2/10/2024,-15.916485 34.9833866 786.3000000000001 2.8,-15.916485,34.9833866,786.3,2.8,Female,36-49,No formal education,Pig Farm,,2,4,0,1,0,0,0,0,1,0,0,0,To treat diseases,1,0,0,0,,,,,,,,,,1,0,0,0,1,0,0,0,0,0,0,Never,0,0,0,1,0,,,,,,,,,,,,,,,,,,,,,,,,,,,0,1,0,0,0,,0,0,0,1,0,0,0,0,0,,No,No,No,Yes,I don't know,No,I don't know,I don't Know,No,No,No,0,0,0,0,0,1,No,0,0,1,0,0,Disposal in regular waste,0,0,1,0,I don't know,Storing for later use,0,0,1,0,0,,More than two weeks,0,0,1,0,I don't know,390743571,999367a4-5c2b-4384-a923-51679b4e5ad8,2024-10-03T08:51:07,,,submitted_via_web,khethire1,vtuqCcaWP7z6j38qRcYFDt,,19
2024-10-02T14:35:35.275+02:00,2024-10-03T04:55:21.577+02:00,-15.8889318 34.9656858 876.4 2.1,-15.8889318,34.9656858,876.4,2.1,Yes,2/10/2024,-15.888935 34.96568 876.4 4.3,-15.888935,34.96568,876.4,4.3,Female,>50,Secondary school,Pig Farm,,34,3,1,0,0,0,0,1,0,0,0,0,To prevent diseases To treat diseases For growth promotion,1,1,1,0,,,,,,,,,,1,1,0,0,1,0,1,0,0,0,0,Always,1,1,0,0,0,,Oxytetracycline Other (specify) Penicillin,0,0,0,0,0,0,0,0,0,0,1,1,0,0,0,0,1,0,0,0,0,0,0,"Iron, Maltvitamin",1,0,0,0,0,,1,0,0,0,0,0,0,0,0,,Yes,Yes,No,No,No,No,Yes,I don't Know,No,No,No,0,0,0,0,0,1,No,0,0,1,0,0,Disposal in regular waste,0,0,1,0,I don't know,Composting,1,0,0,0,0,,1-2 weeks,0,1,0,0,I don't know,390743576,c9d6356a-d63f-44a3-96ff-aa3aced60c15,2024-10-03T08:51:08,,,submitted_via_web,khethire1,vtuqCcaWP7z6j38qRcYFDt,,20
2024-10-03T10:37:06.814+02:00,2024-10-03T10:43:42.453+02:00,-15.8621682 34.9609981 829.9 1.95,-15.8621682,34.9609981,829.9,1.95,Yes,3/10/2024,-15.8621667 34.9610317 830.6 3.1,-15.8621667,34.9610317,830.6,3.1,Female,21-35,Tertiary education,Pig Farm,,15,1,1,0,0,0,0,1,0,0,1,0,To treat diseases,1,0,0,0,,,,,,,,,,1,1,0,0,0,0,0,0,0,0,0,Sometimes,0,1,0,0,0,,Oxytetracycline Doxycycline,0,0,0,0,0,0,0,0,0,0,0,0,0,1,0,0,0,0,0,0,0,1,0,,0,1,0,0,0,,1,0,0,1,0,0,0,0,0,,Yes,Yes,No,No,Yes,No,I don't know,I don't Know,No,Yes,No,0,0,0,0,0,1,I don't know,0,0,1,0,0,Disposal in regular waste,0,0,1,0,I don't know,Composting,1,0,0,0,0,,More than two weeks,0,0,1,0,No,390743585,0ef4362a-1eb3-445f-a22e-1402b51e534a,2024-10-03T08:51:09,,,submitted_via_web,khethire1,vtuqCcaWP7z6j38qRcYFDt,,21
2024-10-03T10:06:06.389+02:00,2024-10-03T21:09:35.353+02:00,-15.6475504 35.0193684 0.0 2400.0,-15.6475504,35.0193684,0,2400,Yes,3/10/2024,-15.7117527 35.0799389 1100.607 3.099,-15.7117527,35.0799389,1100.607,3.099,Female,36-49,No formal education,Pig Farm,,1,3,1,0,1,0,1,1,0,0,0,0,To prevent diseases To treat diseases,1,1,0,0,,,,,,,,,,1,0,0,0,0,0,0,0,0,0,0,Always,1,0,0,0,0,,Oxytetracycline Amoxicillin,0,0,0,0,0,0,1,0,0,0,0,0,0,0,0,0,0,0,0,0,0,0,1,,1,0,0,0,0,,1,0,0,0,0,0,0,0,0,,Yes,Yes,No,No,Yes,No,Yes,Yes,Yes,Yes,Yes,0,1,0,0,0,0,No,0,0,1,0,0,Disposal in regular waste,0,0,1,0,Yes,Storing for later use,0,0,1,0,0,,1-2 weeks,0,1,0,0,No,391017503,b65c920c-bb92-4903-9f60-a4239db4c725,2024-10-03T19:09:38,,,submitted_via_web,khethire1,vtuqCcaWP7z6j38qRcYFDt,,22
2024-10-03T12:39:45.729+02:00,2024-10-03T12:48:24.247+02:00,-15.722611 35.0861266 0.0 1399.999,-15.722611,35.0861266,0,1399.999,Yes,3/10/2024,-15.7217864 35.0851014 1104.868 1.194,-15.7217864,35.0851014,1104.868,1.194,Male,36-49,Secondary school,Pig Farm,,5,3,0,0,1,0,1,1,0,0,0,0,To treat diseases To prevent diseases For growth promotion,1,1,1,0,,,,,,,,,,0,0,1,0,0,0,0,0,0,0,0,Always,1,0,0,0,0,,Oxytetracycline Trimethoprim-Sulfamethoxazole,0,0,0,0,0,0,0,0,0,0,0,0,0,0,0,0,0,1,0,0,0,0,1,,1,0,0,0,0,,1,0,0,1,0,0,0,0,0,,Yes,Yes,Yes,No,Yes,No,Yes,Yes,Yes,Yes,Yes,0,1,0,1,0,0,No,0,1,1,0,0,Disposal in regular waste Incineration,0,1,1,0,No,Storing for later use,0,0,1,0,0,,More than two weeks,0,0,1,0,No,391017506,d1314b0a-a4eb-412f-b452-f1ce5a0d71e5,2024-10-03T19:09:39,,,submitted_via_web,khethire1,vtuqCcaWP7z6j38qRcYFDt,,23
2024-10-03T10:25:05.263+02:00,2024-10-03T21:14:25.699+02:00,-15.7219814 35.0637651 1093.925 2099.999,-15.7219814,35.0637651,1093.925,2099.999,Yes,3/10/2024,-15.71195 35.0800027 1069.325 2.091,-15.71195,35.0800027,1069.325,2.091,Male,21-35,Primary school,Pig Farm,,1,1,0,0,1,0,0,1,0,0,0,0,To prevent diseases,0,1,0,0,,,,,,,,,,1,0,0,0,0,0,0,0,0,0,0,Always,1,0,0,0,0,,Oxytetracycline Amoxicillin,0,0,0,0,0,0,1,0,0,0,0,0,0,1,0,0,0,0,0,0,0,0,0,,1,0,0,0,0,,1,0,0,0,0,0,0,0,0,,Yes,Yes,No,No,Yes,No,Yes,I don't Know,Yes,Yes,Yes,0,1,0,1,0,0,No,0,0,1,0,0,Disposal in regular waste,0,0,1,0,Yes,Storing for later use,0,0,1,0,0,,1-2 weeks,0,1,0,0,No,391024830,57db889b-2d57-47ff-ad55-d0282c22f162,2024-10-03T19:34:17,,,submitted_via_web,khethire1,vtuqCcaWP7z6j38qRcYFDt,,24
2024-10-03T10:47:42.879+02:00,2024-10-03T21:17:54.652+02:00,-15.7169416 35.0758067 1070.015 500.0,-15.7169416,35.0758067,1070.015,500,Yes,3/10/2024,-15.7125106 35.0786205 1076.885 1.141,-15.7125106,35.0786205,1076.885,1.141,Female,21-35,Secondary school,Pig Farm,,1,2,0,0,1,0,0,1,0,0,0,0,To treat diseases To prevent diseases,1,1,0,0,,,,,,,,,,1,0,0,0,0,0,0,0,0,0,0,Always,1,0,0,0,0,,Amoxicillin Oxytetracycline,0,0,0,0,0,0,1,0,0,0,0,0,0,0,0,0,0,0,0,0,0,0,1,,1,0,0,0,0,,1,0,0,0,0,0,0,0,0,,Yes,Yes,No,No,Yes,No,Yes,Yes,Yes,Yes,Yes,0,1,0,0,0,0,No,0,0,1,0,0,Disposal in regular waste,0,0,1,0,Yes,Storing for later use,0,0,1,0,0,,1-2 weeks,0,1,0,0,No,391024835,a1ce4ed1-30a2-4cd8-af9b-2178333b3e0e,2024-10-03T19:34:18,,,submitted_via_web,khethire1,vtuqCcaWP7z6j38qRcYFDt,,25
2024-10-03T11:07:10.533+02:00,2024-10-03T21:20:34.965+02:00,-15.7125332 35.0786422 1076.885 91.723,-15.7125332,35.0786422,1076.885,91.723,Yes,3/10/2024,-15.7126084 35.0786478 1050.003 1.866,-15.7126084,35.0786478,1050.003,1.866,Male,>50,Primary school,Pig Farm,,3,2,1,0,0,0,0,1,0,0,0,0,To treat diseases To prevent diseases,1,1,0,0,,,,,,,,,,1,0,0,0,0,0,0,0,0,0,0,Always,1,0,0,0,0,,Oxytetracycline,0,0,0,0,0,0,0,0,0,0,0,0,0,0,0,0,0,0,0,0,0,0,1,,1,0,0,0,0,,1,0,0,1,0,0,0,0,0,,Yes,Yes,No,No,Yes,No,Yes,Yes,Yes,Yes,Yes,0,1,0,1,0,0,No,0,1,0,0,0,Incineration,0,1,0,0,Yes,Storing for later use,0,0,1,0,0,,More than two weeks,0,0,1,0,No,391024843,abbd3c14-8738-4327-89c8-6ecc4ce48408,2024-10-03T19:34:18,,,submitted_via_web,khethire1,vtuqCcaWP7z6j38qRcYFDt,,26
2024-10-03T12:58:44.662+02:00,2024-10-03T21:22:58.035+02:00,-15.7228853 35.0851799 0.0 200.0,-15.7228853,35.0851799,0,200,Yes,3/10/2024,-15.7232323 35.086775 1092.65 3.81,-15.7232323,35.086775,1092.65,3.81,Male,>50,Tertiary education,Pig Farm,,6,4,0,0,1,0,1,1,0,0,0,0,To treat diseases To prevent diseases,1,1,0,0,,,,,,,,,,1,0,0,0,0,0,0,0,0,0,0,Always,1,0,0,0,0,,Oxytetracycline Amoxicillin,0,0,0,0,0,0,1,0,0,0,0,0,0,0,0,0,0,0,0,0,0,0,1,,1,0,0,0,0,,1,0,0,0,0,0,0,0,0,,Yes,Yes,No,No,Yes,No,Yes,Yes,Yes,Yes,Yes,0,1,0,1,0,0,No,0,0,1,0,0,Disposal in regular waste,0,0,1,0,Yes,Storing for later use,0,0,1,0,0,,More than two weeks,0,0,1,0,No,391024848,b3c82fbc-a77f-4846-a2f3-ae99413d2eef,2024-10-03T19:34:19,,,submitted_via_web,khethire1,vtuqCcaWP7z6j38qRcYFDt,,27
2024-10-03T13:09:12.338+02:00,2024-10-03T21:25:22.764+02:00,-15.7239338 35.0875025 0.0 2000.0,-15.7239338,35.0875025,0,2000,Yes,3/10/2024,-15.7245439 35.086251 1059.707 1.94,-15.7245439,35.086251,1059.707,1.94,Male,36-49,Primary school,Pig Farm,,3,5,0,0,1,0,0,1,0,0,0,0,To prevent diseases,0,1,0,0,,,,,,,,,,1,0,0,0,0,0,0,0,0,0,0,Always,1,1,0,0,0,,Amoxicillin,0,0,0,0,0,0,1,0,0,0,0,0,0,0,0,0,0,0,0,0,0,0,0,,1,0,0,0,0,,1,0,0,1,0,0,0,0,0,,Yes,Yes,No,No,Yes,No,Yes,Yes,Yes,Yes,Yes,0,1,0,1,0,0,No,0,0,1,0,0,Disposal in regular waste,0,0,1,0,Yes,Storing for later use,0,0,1,0,0,,More than two weeks,0,0,1,0,No,391024856,1e98bbf5-c185-4ed7-a4b4-e5a54cc39a2e,2024-10-03T19:34:20,,,submitted_via_web,khethire1,vtuqCcaWP7z6j38qRcYFDt,,28
2024-10-03T13:18:53.456+02:00,2024-10-03T21:28:42.407+02:00,-15.7278789 35.0873979 0.0 300.0,-15.7278789,35.0873979,0,300,Yes,3/10/2024,-15.7282737 35.0861369 1043.557 4.884,-15.7282737,35.0861369,1043.557,4.884,Male,>50,Tertiary education,Pig Farm,,7,6,1,0,0,0,1,1,0,0,0,0,To treat diseases To prevent diseases,1,1,0,0,,,,,,,,,,1,0,0,0,0,0,0,0,0,0,0,Sometimes,1,1,0,0,0,,Amoxicillin Oxytetracycline,0,0,0,0,0,0,1,0,0,0,0,0,0,0,0,0,0,0,0,0,0,0,1,,1,0,0,0,0,,1,0,0,0,0,0,0,0,0,,Yes,Yes,No,No,Yes,No,Yes,Yes,Yes,Yes,Yes,0,1,0,0,0,0,No,0,0,1,0,0,Disposal in regular waste,0,0,1,0,Yes,Storing for later use,0,0,1,0,0,,More than two weeks,0,0,1,0,No,391024859,7318fadf-4eb6-45af-99c1-95509058588c,2024-10-03T19:34:20,,,submitted_via_web,khethire1,vtuqCcaWP7z6j38qRcYFDt,,29
2024-10-03T15:14:10.857+02:00,2024-10-03T21:31:31.768+02:00,-15.734771 35.0782148 0.0 2500.0,-15.734771,35.0782148,0,2500,Yes,3/10/2024,-15.7315039 35.0819031 1053.486 1.721,-15.7315039,35.0819031,1053.486,1.721,Male,>50,Primary school,Pig Farm,,4,10,0,0,1,0,0,1,0,0,0,0,To prevent diseases To treat diseases,1,1,0,0,,,,,,,,,,1,0,0,0,0,0,0,0,0,0,0,Always,1,0,0,0,0,,Amoxicillin,0,0,0,0,0,0,1,0,0,0,0,0,0,0,0,0,0,0,0,0,0,0,0,,1,0,0,0,0,,1,0,0,0,0,0,0,0,0,,Yes,Yes,No,No,Yes,No,Yes,No,Yes,Yes,Yes,0,1,0,0,0,0,No,0,0,1,0,0,Disposal in regular waste,0,0,1,0,Yes,Storing for later use,0,0,1,0,0,,More than two weeks,0,0,1,0,No,391024863,6e7b91ed-f147-402a-93de-c66682001255,2024-10-03T19:34:21,,,submitted_via_web,khethire1,vtuqCcaWP7z6j38qRcYFDt,,30
2024-10-03T15:33:28.704+02:00,2024-10-03T21:34:06.768+02:00,-15.7314167 35.0816805 1022.764 2.186,-15.7314167,35.0816805,1022.764,2.186,Yes,3/10/2024,-15.731437 35.0816666 1027.744 1.913,-15.731437,35.0816666,1027.744,1.913,Male,36-49,Secondary school,Pig Farm,,6,5,0,0,1,0,1,1,0,0,0,0,To treat diseases To prevent diseases,1,1,0,0,,,,,,,,,,1,0,0,0,0,0,0,0,0,0,0,Always,1,1,0,0,0,,Oxytetracycline,0,0,0,0,0,0,0,0,0,0,0,0,0,0,0,0,0,0,0,0,0,0,1,,1,0,0,0,0,,1,0,0,0,0,0,0,0,0,,Yes,Yes,No,No,Yes,No,Yes,No,Yes,Yes,Yes,0,1,0,0,0,0,No,0,0,1,0,0,Disposal in regular waste,0,0,1,0,Yes,Storing for later use,0,0,1,0,0,,More than two weeks,0,0,1,0,No,391024866,7df903de-06be-44a9-ba1e-1a0676ac82e8,2024-10-03T19:34:21,,,submitted_via_web,khethire1,vtuqCcaWP7z6j38qRcYFDt,,31
2024-10-04T09:27:57.053+02:00,2024-10-04T13:17:48.594+02:00,-15.7314314 35.0809668 0.0 500.0,-15.7314314,35.0809668,0,500,Yes,4/10/2024,-15.7308217 35.0827906 1014.921 4.732,-15.7308217,35.0827906,1014.921,4.732,Male,>50,Tertiary education,Poultry farm,30,,5,1,0,1,0,1,1,0,0,0,0,To prevent diseases To treat diseases,1,1,0,0,,1,0,0,0,1,1,0,0,,,,,,,,,,,,Sometimes,1,0,0,0,0,,Penicillin Oxytetracycline,0,0,0,0,0,0,0,0,0,0,0,0,1,0,0,0,1,0,0,0,0,0,0,,0,1,0,0,0,,1,0,0,0,0,0,0,0,0,,Yes,Yes,No,No,Yes,Yes,Yes,Yes,Yes,Yes,Yes,1,1,0,0,0,0,No,0,0,1,0,0,Disposal in regular waste,0,0,1,0,Yes,Storing for later use,0,0,1,0,0,,1-2 weeks,0,1,0,0,No,391235152,420f9832-84fc-49f4-a787-180ec081e8a7,2024-10-04T11:49:19,,,submitted_via_web,khethire1,vtuqCcaWP7z6j38qRcYFDt,,32
2024-10-04T09:39:34.278+02:00,2024-10-04T13:20:58.944+02:00,-15.7359037 35.0857826 0.0 2299.999,-15.7359037,35.0857826,0,2299.999,Yes,4/10/2024,-15.7306107 35.0830859 1057.844 10.106,-15.7306107,35.0830859,1057.844,10.106,Male,>50,Tertiary education,Poultry farm,15,,2,1,0,1,0,1,1,0,0,0,0,To treat diseases To prevent diseases,1,1,0,0,,1,0,0,0,1,1,0,0,,,,,,,,,,,,Sometimes,1,0,0,0,0,,Penicillin Oxytetracycline,0,0,0,0,0,0,0,0,0,0,0,1,0,0,1,0,0,0,0,0,0,0,0,,0,1,0,0,0,,1,0,0,0,0,0,0,0,0,,Yes,Yes,No,No,Yes,Yes,Yes,Yes,Yes,Yes,Yes,1,1,0,0,0,0,No,0,0,1,0,0,Disposal in regular waste,0,0,1,0,Yes,Storing for later use,0,0,1,0,0,,More than two weeks,0,0,1,0,No,391235157,af39e5f3-46d1-4bca-a489-ae59fe7f5441,2024-10-04T11:49:20,,,submitted_via_web,khethire1,vtuqCcaWP7z6j38qRcYFDt,,33
2024-10-04T09:47:21.518+02:00,2024-10-04T13:24:46.650+02:00,-15.7513421 35.0789028 1057.844 2500.0,-15.7513421,35.0789028,1057.844,2500,Yes,4/10/2024,-15.7305096 35.0831877 1041.919 1.658,-15.7305096,35.0831877,1041.919,1.658,Male,>50,Tertiary education,Poultry farm,25,,3,1,0,1,0,1,1,0,0,0,0,To prevent diseases To treat diseases,1,1,0,0,,1,0,0,0,1,1,0,0,,,,,,,,,,,,Always,0,1,0,0,0,,Penicillin Oxytetracycline,0,0,0,0,0,0,0,0,0,0,0,1,0,0,0,0,0,0,0,0,0,0,1,,0,1,0,0,0,,1,0,0,0,0,0,0,0,0,,Yes,Yes,No,No,Yes,Yes,Yes,Yes,Yes,Yes,Yes,1,1,0,0,0,0,No,0,1,0,0,0,Incineration,0,1,0,0,Yes,Storing for later use,0,0,1,0,0,,More than two weeks,0,0,1,0,No,391235162,4f019766-ca1e-4c42-9568-0158151300b2,2024-10-04T11:49:21,,,submitted_via_web,khethire1,vtuqCcaWP7z6j38qRcYFDt,,34
2024-10-04T09:55:05.142+02:00,2024-10-04T13:29:21.997+02:00,-15.7304316 35.0831986 1042.349 6.411,-15.7304316,35.0831986,1042.349,6.411,Yes,4/10/2024,-15.7304646 35.0831617 1049.641 2.756,-15.7304646,35.0831617,1049.641,2.756,Male,>50,Tertiary education,Poultry farm,30,,2,1,0,1,0,0,1,0,0,0,0,To treat diseases To prevent diseases,1,1,0,0,,1,0,0,0,1,1,0,0,,,,,,,,,,,,Always,0,1,0,0,0,,Penicillin Oxytetracycline,0,0,0,0,0,0,0,0,0,0,0,1,0,0,0,0,0,0,0,0,0,0,1,,0,1,0,0,0,,0,0,0,0,0,0,0,1,0,,Yes,Yes,No,No,Yes,Yes,Yes,Yes,Yes,Yes,Yes,0,0,1,0,0,0,No,0,1,0,0,0,Incineration,0,1,0,0,Yes,Storing for later use,0,0,1,0,0,,1-2 weeks,0,1,0,0,No,391235171,4b194b9b-a768-439e-bc9f-a7e6179eb829,2024-10-04T11:49:21,,,submitted_via_web,khethire1,vtuqCcaWP7z6j38qRcYFDt,,35
2024-10-04T09:59:35.341+02:00,2024-10-04T13:33:05.221+02:00,-15.7300003 35.0831858 1051.834 7.736,-15.7300003,35.0831858,1051.834,7.736,Yes,4/10/2024,-15.7298657 35.0830279 1055.044 7.727,-15.7298657,35.0830279,1055.044,7.727,Female,>50,Tertiary education,Poultry farm,20,,4,1,0,1,0,0,1,0,0,0,0,To treat diseases To prevent diseases,1,1,0,0,,1,0,0,0,1,1,0,0,,,,,,,,,,,,Always,1,0,0,0,0,,Penicillin Oxytetracycline,0,0,0,0,0,0,0,0,0,0,0,1,0,0,0,0,0,0,0,0,0,0,1,,1,0,0,0,0,,1,0,0,0,0,1,0,0,0,,Yes,Yes,No,No,Yes,Yes,Yes,Yes,Yes,Yes,Yes,0,1,0,0,0,0,No,0,0,1,0,0,Disposal in regular waste,0,0,1,0,Yes,Storing for later use,0,0,1,0,0,,More than two weeks,0,0,1,0,No,391235179,a04947f3-ab0a-4895-ba0a-0f58c78246bf,2024-10-04T11:49:22,,,submitted_via_web,khethire1,vtuqCcaWP7z6j38qRcYFDt,,36
2024-10-04T10:06:33.825+02:00,2024-10-04T13:38:38.118+02:00,-15.7298659 35.0830273 1055.044 517.319,-15.7298659,35.0830273,1055.044,517.319,Yes,4/10/2024,-15.7303347 35.0822788 1081.382 2.223,-15.7303347,35.0822788,1081.382,2.223,Male,>50,Tertiary education,Poultry farm,35,,6,1,0,1,0,1,1,0,0,0,0,To treat diseases To prevent diseases,1,1,0,0,,1,0,0,0,1,1,0,0,,,,,,,,,,,,Sometimes,0,1,0,0,0,,Penicillin Oxytetracycline,0,0,0,0,0,0,0,0,0,0,0,1,0,0,0,0,0,0,0,0,0,0,1,,0,1,0,0,0,,1,0,0,0,0,0,0,1,0,,Yes,Yes,No,No,Yes,Yes,Yes,Yes,Yes,Yes,Yes,0,1,0,0,0,0,No,0,1,0,0,0,Incineration,0,1,0,0,Yes,Storing for later use,0,0,1,0,0,,More than two weeks,0,0,1,0,No,391235186,ec03cadc-9d86-4411-954d-8155957a0727,2024-10-04T11:49:23,,,submitted_via_web,khethire1,vtuqCcaWP7z6j38qRcYFDt,,37
2024-10-04T10:24:42.492+02:00,2024-10-04T13:41:25.573+02:00,-15.7241859 35.0861266 1081.382 899.999,-15.7241859,35.0861266,1081.382,899.999,Yes,4/10/2024,-15.722644 35.0863115 1081.382 1.575,-15.722644,35.0863115,1081.382,1.575,Female,>50,Secondary school,Poultry farm,30,,2,1,0,1,0,1,1,0,0,0,0,To treat diseases To prevent diseases,1,1,0,0,,1,0,0,0,1,1,0,0,,,,,,,,,,,,Always,1,0,0,0,0,,Penicillin Oxytetracycline,0,0,0,0,0,0,0,0,0,0,0,1,0,0,0,0,0,0,0,0,0,0,1,,,,,,,,1,0,0,0,0,0,0,0,0,,Yes,Yes,No,No,Yes,Yes,Yes,Yes,Yes,Yes,Yes,0,1,0,0,0,0,No,0,0,1,0,0,Disposal in regular waste,0,0,1,0,Yes,Storing for later use,0,0,1,0,0,,More than two weeks,0,0,1,0,No,391235197,4c007563-6da5-48d1-a73b-21844fd7b539,2024-10-04T11:49:24,,,submitted_via_web,khethire1,vtuqCcaWP7z6j38qRcYFDt,,38
2024-10-04T10:33:17.628+02:00,2024-10-04T13:43:51.332+02:00,-15.7359037 35.0857826 1078.543 2299.999,-15.7359037,35.0857826,1078.543,2299.999,Yes,4/10/2024,-15.7309884 35.0827414 1044.382 2.088,-15.7309884,35.0827414,1044.382,2.088,Female,>50,Tertiary education,Poultry farm,20,,3,1,0,1,0,1,1,0,0,0,0,To prevent diseases To treat diseases,1,1,0,0,,1,0,0,0,1,1,0,0,,,,,,,,,,,,Sometimes,1,0,0,0,0,,Penicillin Oxytetracycline,0,0,0,0,0,0,0,0,0,0,0,1,0,0,0,0,0,0,0,0,0,0,1,,1,0,0,0,0,,1,0,0,0,0,0,0,0,0,,Yes,Yes,No,No,Yes,Yes,Yes,Yes,Yes,Yes,Yes,0,1,0,0,0,0,No,0,1,0,0,0,Incineration,0,1,0,0,Yes,Storing for later use,0,0,1,0,0,,More than two weeks,0,0,1,0,No,391235203,8dadb2c1-efb6-4bd6-9128-9d99588c19a1,2024-10-04T11:49:25,,,submitted_via_web,khethire1,vtuqCcaWP7z6j38qRcYFDt,,39
2024-10-04T10:41:08.727+02:00,2024-10-04T13:46:53.707+02:00,-15.736628 35.0867716 1046.015 400.0,-15.736628,35.0867716,1046.015,400,Yes,4/10/2024,-15.7317793 35.0827133 1045.619 1.095,-15.7317793,35.0827133,1045.619,1.095,Female,>50,Secondary school,Poultry farm,15,,3,1,0,1,0,1,1,0,0,0,0,To treat diseases To prevent diseases,1,1,0,0,,1,0,0,0,1,0,0,0,,,,,,,,,,,,Always,0,1,0,0,0,,Penicillin Doxycycline Oxytetracycline,0,0,0,0,0,0,0,0,0,0,0,0,1,0,0,0,0,0,0,0,0,1,1,,0,1,0,0,0,,1,0,0,0,0,0,0,1,0,,Yes,Yes,No,No,Yes,Yes,Yes,Yes,Yes,Yes,Yes,0,0,1,0,0,0,No,0,0,1,0,0,Disposal in regular waste,0,0,1,0,Yes,Storing for later use,0,0,1,0,0,,More than two weeks,0,0,1,0,No,391235208,39c38a3c-019c-4a54-99ba-82d3f373a712,2024-10-04T11:49:25,,,submitted_via_web,khethire1,vtuqCcaWP7z6j38qRcYFDt,,40
2024-10-04T10:58:23.687+02:00,2024-10-04T13:49:10.302+02:00,-15.7317793 35.0827133 1045.619 1499.893,-15.7317793,35.0827133,1045.619,1499.893,Yes,4/10/2024,-15.7327276 35.081404 1045.619 1.171,-15.7327276,35.081404,1045.619,1.171,Female,36-49,Secondary school,Poultry farm,30,,4,1,0,1,0,1,1,0,0,0,0,To treat diseases To prevent diseases,1,1,0,0,,1,0,0,0,1,1,0,0,,,,,,,,,,,,Sometimes,1,0,0,0,0,,Oxytetracycline Penicillin,0,0,0,0,0,0,0,0,0,0,0,1,0,0,0,0,0,0,0,0,0,0,1,,1,0,0,0,0,,1,0,0,0,0,0,0,0,0,,Yes,Yes,No,No,Yes,Yes,Yes,Yes,Yes,Yes,Yes,0,1,0,0,0,0,No,0,1,0,0,0,Incineration,0,1,0,0,Yes,Storing for later use,0,0,1,0,0,,More than two weeks,0,0,1,0,No,391235217,1f910ea8-1271-42a9-b78f-572c20d676cc,2024-10-04T11:49:26,,,submitted_via_web,khethire1,vtuqCcaWP7z6j38qRcYFDt,,41
2024-10-04T09:32:21.715+02:00,2024-10-04T10:06:30.878+02:00,-15.9131223 34.9713239 821.2 1.7,-15.9131223,34.9713239,821.2,1.7,Yes,4/10/2024,-15.9131223 34.9713239 821.2 1.7,-15.9131223,34.9713239,821.2,1.7,Male,>50,No formal education,Pig Farm,,4,5,0,1,0,0,0,0,0,1,0,0,To treat diseases,1,0,0,0,,,,,,,,,,1,0,0,0,0,0,0,0,0,0,0,Never,0,1,0,0,0,,Penicillin Oxytetracycline,0,0,0,0,0,0,0,0,0,0,0,0,1,0,1,0,0,0,0,0,0,0,0,,0,1,0,0,0,,0,0,0,1,0,0,0,0,0,,No,No,Yes,Yes,I don't know,No,Yes,I don't Know,No,No,No,0,0,0,0,1,0,I don't know,0,0,1,0,0,Disposal in regular waste,0,0,1,0,I don't know,Spreading directly on fields,0,1,0,0,0,,I don't store manure,0,0,0,1,I don't know,391289930,2574743d-89a3-4218-9598-a0d14fb88305,2024-10-04T14:02:37,,,submitted_via_web,khethire1,vtuqCcaWP7z6j38qRcYFDt,,42
2024-10-04T11:33:21.660+02:00,2024-10-04T16:02:14.729+02:00,-15.8623119 34.9599888 839.0 2.0,-15.8623119,34.9599888,839,2,Yes,4/10/2024,-15.8629556 34.9596085 839.1 4.457,-15.8629556,34.9596085,839.1,4.457,Female,36-49,Primary school,Pig Farm,,8,1,1,0,0,0,0,1,0,0,1,0,To treat diseases To prevent diseases For growth promotion,1,1,1,0,,,,,,,,,,1,1,0,0,1,0,1,0,0,0,0,Sometimes,1,1,0,0,0,,Oxytetracycline Penicillin,0,0,0,0,0,0,0,0,0,0,0,0,1,0,1,0,0,0,0,0,0,0,0,,1,1,0,0,0,,1,0,0,0,0,0,1,0,0,,Yes,Yes,Yes,Yes,Yes,Yes,Yes,I don't Know,No,Yes,Yes,0,1,0,0,0,0,I don't know,0,0,1,0,0,Disposal in regular waste,0,0,1,0,Yes,Storing for later use,0,0,1,0,0,,More than two weeks,0,0,1,0,I don't know,391289943,a63b7014-5e29-4b55-9be3-6c9ad1b6130b,2024-10-04T14:02:39,,,submitted_via_web,khethire1,vtuqCcaWP7z6j38qRcYFDt,,43
2024-10-04T11:38:40.336+02:00,2024-10-04T15:55:23.238+02:00,-15.8627837 34.9591408 837.8 3.35,-15.8627837,34.9591408,837.8,3.35,Yes,4/10/2024,-15.8627594 34.9591089 837.4 2.5,-15.8627594,34.9591089,837.4,2.5,Male,36-49,Tertiary education,Pig Farm,,3,3,1,0,0,0,0,1,0,0,0,0,To treat diseases To prevent diseases For growth promotion,1,1,1,0,,,,,,,,,,1,1,0,0,1,0,0,0,0,0,0,Always,1,0,0,0,0,,Penicillin Oxytetracycline Oxytetracycline Other (specify),0,0,0,0,0,0,0,0,0,0,1,0,1,0,0,0,1,0,0,0,0,0,1,"Calcium, iron, Dexamethasone ",0,0,1,0,0,,1,0,0,0,0,0,0,0,0,,Yes,Yes,Yes,Yes,Yes,Yes,Yes,Yes,Yes,Yes,Yes,0,1,0,0,0,0,Yes,0,0,1,0,0,Disposal in regular waste,0,0,1,0,Yes,Composting Spreading directly on fields Storing for later use Other (Please specify),1,1,1,0,1,Selling ,More than two weeks,0,0,1,0,I don't know,391289947,3925c384-4c64-4c0f-932b-4b1ff060d256,2024-10-04T14:02:40,,,submitted_via_web,khethire1,vtuqCcaWP7z6j38qRcYFDt,,44
2024-10-03T14:54:16.684+02:00,2024-10-04T17:33:13.693+02:00,-15.7734404 34.926008 627.5999999999999 2.324,-15.7734404,34.926008,627.6,2.324,Yes,3/10/2024,-15.773443 34.9260057 627.5999999999999 2.449,-15.773443,34.9260057,627.6,2.449,Male,36-49,Secondary school,Poultry farm,50,,2,1,0,1,0,1,1,0,0,1,0,To treat diseases To prevent diseases,1,1,0,0,,0,0,0,1,0,1,1,1,,,,,,,,,,,,Sometimes,1,1,0,0,0,,Oxytetracycline Oxytetracycline Trimethoprim-Sulfamethoxazole Trimethoprim-Sulfamethoxazole,0,0,0,0,0,0,0,0,0,0,0,0,0,1,1,0,0,1,1,0,0,0,0,,1,1,0,0,0,,1,0,0,0,0,0,0,1,0,,Yes,Yes,No,No,Yes,No,Yes,I don't Know,No,Yes,Yes,1,1,1,1,0,0,I don't know,1,0,1,0,0,Disposal in regular waste,0,0,1,0,Yes I don't know,Spreading directly on fields Composting,1,1,0,0,0,,Less than one week More than two weeks,1,0,1,0,No,391327676,17b5cdb4-d82f-40d1-8b61-b98e48dcdaf9,2024-10-04T15:33:25,,,submitted_via_web,khethire1,vtuqCcaWP7z6j38qRcYFDt,,45
2024-10-03T15:33:04.239+02:00,2024-10-04T17:30:15.076+02:00,-15.7823338 34.9764457 948.1999999999999 2.204,-15.7823338,34.9764457,948.2,2.204,Yes,3/10/2024,-15.7823468 34.9764835 948.4 4.162,-15.7823468,34.9764835,948.4,4.162,Male,21-35,Tertiary education,Pig Farm,,8,1,1,0,1,0,1,1,0,0,1,0,To treat diseases To prevent diseases,1,1,0,0,,,,,,,,,,1,1,0,0,1,0,0,1,0,0,0,Sometimes,1,1,0,0,0,,Penicillin Oxytetracycline Oxytetracycline,0,0,0,0,0,0,0,0,0,0,0,1,0,1,1,0,0,0,0,0,0,0,0,,1,1,0,0,0,,1,0,0,0,0,0,0,1,0,,Yes,Yes,No,No,I don't know,No,Yes,Yes,No,Yes,Yes,1,1,1,0,0,0,I don't know,0,0,0,1,0,Disposal in regular waste,0,0,1,0,I don't know,Storing for later use,0,0,1,0,0,,1-2 weeks,0,1,0,0,No,391327685,baa1a94c-014a-437d-91f8-dbeceb53b161,2024-10-04T15:33:25,,,submitted_via_web,khethire1,vtuqCcaWP7z6j38qRcYFDt,,46
2024-10-03T07:10:15.592+02:00,2024-10-03T07:13:50.339+02:00,-15.64599 35.0141133 721.4 2.7,-15.64599,35.0141133,721.4,2.7,Yes,3/10/2024,-15.6462627 35.0140549 718.2 3.175,-15.6462627,35.0140549,718.2,3.175,Female,36-49,Secondary school,Poultry farm,200,,3,1,0,1,0,0,0,0,0,1,0,To treat diseases To prevent diseases For growth promotion,1,1,1,0,,1,1,0,0,0,0,0,0,,,,,,,,,,,,Always,0,1,0,0,0,,Oxytetracycline Trimethoprim-Sulfamethoxazole,0,0,0,0,0,0,0,0,0,0,0,0,0,1,0,0,0,1,0,0,0,0,0,,1,0,0,0,0,,0,0,0,0,0,0,0,1,0,,Yes,Yes,No,No,Yes,No,Yes,Yes,No,Yes,Yes,0,1,1,0,0,0,Yes,0,0,1,0,0,Disposal in regular waste,0,0,1,0,Yes,Composting,1,0,0,0,0,,More than two weeks,0,0,1,0,Yes,391383855,375a98c2-6efb-42f5-9eae-88375dfded60,2024-10-04T18:02:08,,,submitted_via_web,khethire1,vtuqCcaWP7z6j38qRcYFDt,,47
2024-10-03T07:35:38.939+02:00,2024-10-03T07:42:19.889+02:00,-15.5766052 35.0107969 653.6 3.28,-15.5766052,35.0107969,653.6,3.28,Yes,3/10/2024,-15.5766086 35.0107904 655.1 4.3,-15.5766086,35.0107904,655.1,4.3,Male,>50,Primary school,Poultry farm,150,,6,1,0,1,0,0,1,0,0,1,0,To treat diseases To prevent diseases For growth promotion,1,1,1,0,,1,1,0,0,0,0,0,0,,,,,,,,,,,,Always,0,1,0,0,0,,Oxytetracycline,0,0,0,0,0,0,0,0,0,0,0,0,0,1,0,0,0,0,0,0,0,0,0,,1,0,0,0,0,,0,0,0,0,0,0,0,1,0,,No,Yes,No,No,Yes,No,Yes,Yes,No,Yes,Yes,0,1,1,0,0,0,Yes,0,0,1,0,0,Disposal in regular waste,0,0,1,0,Yes,Composting,1,0,0,0,0,,More than two weeks,0,0,1,0,Yes,391383868,9113dae8-37b8-407c-ac50-41e7915cbaac,2024-10-04T18:02:10,,,submitted_via_web,khethire1,vtuqCcaWP7z6j38qRcYFDt,,48
2024-10-08T06:38:58.350+02:00,2024-10-08T06:42:14.967+02:00,-15.6467886 35.0114345 726.9 2.842,-15.6467886,35.0114345,726.9,2.842,Yes,8/10/2024,-15.6469564 35.0113846 747.2 3.001,-15.6469564,35.0113846,747.2,3.001,Female,36-49,Primary school,Poultry farm,200,,4,1,0,0,0,0,1,0,0,1,0,To treat diseases To prevent diseases For growth promotion,1,1,1,0,,1,1,0,0,0,0,1,0,,,,,,,,,,,,Always,0,1,0,0,0,,Oxytetracycline Oxytetracycline Oxytetracycline Oxytetracycline Trimethoprim-Sulfamethoxazole Trimethoprim-Sulfamethoxazole,0,0,0,0,0,0,0,0,0,0,0,0,0,1,1,0,1,1,1,0,0,0,1,,1,0,0,0,0,,0,0,0,0,0,0,0,1,0,,Yes,Yes,No,No,Yes,No,Yes,Yes,Yes,Yes,Yes,0,0,1,0,0,0,Yes,0,0,1,0,0,Disposal in regular waste,0,0,1,0,Yes,Composting,1,0,0,0,0,,More than two weeks,0,0,1,0,Yes,392601481,0a745e91-471f-496c-b580-0f25f099c025,2024-10-08T12:47:17,,,submitted_via_web,khethire1,vtuqCcaWP7z6j38qRcYFDt,,49
2024-10-08T10:32:24.609+02:00,2024-10-08T15:59:11.950+02:00,-15.8624053 34.966174 845.8 27.65,-15.8624053,34.966174,845.8,27.65,Yes,8/10/2024,-15.8623492 34.9663594 775.1 4.95,-15.8623492,34.9663594,775.1,4.95,Male,36-49,Tertiary education,Both,131,5,3,1,0,1,0,0,1,0,0,0,0,To treat diseases To prevent diseases For growth promotion,1,1,1,0,,0,0,1,0,0,1,1,1,1,1,0,0,1,0,1,0,0,1,0,Always,1,0,0,0,0,,Other (specify),0,0,0,0,0,0,0,0,0,0,1,0,0,0,0,0,0,0,0,0,0,0,0,"Ivomectine, vitamin, Limox",1,0,0,0,0,,1,0,0,0,0,0,0,0,0,,Yes,Yes,No,No,Yes,No,Yes,I don't Know,No,No,No,0,0,0,0,0,1,No,0,0,1,0,0,Disposal in regular waste,0,0,1,0,Yes,Spreading directly on fields,0,1,0,0,0,,I don't store manure,0,0,0,1,I don't know,392634147,ddb9bdb6-4d8a-4b12-aae9-f5ab9c27c084,2024-10-08T13:59:31,,,submitted_via_web,khethire1,vtuqCcaWP7z6j38qRcYFDt,,50
2024-10-07T12:10:49.780+02:00,2024-10-08T18:10:59.433+02:00,-15.7804716 35.024667 1055.4 3.276,-15.7804716,35.024667,1055.4,3.276,Yes,7/10/2024,-15.7804898 35.0246391 1067.8 4.799,-15.7804898,35.0246391,1067.8,4.799,Female,36-49,Tertiary education,Pig Farm,,11,2,1,0,1,0,1,1,0,1,1,0,To treat diseases To prevent diseases,1,1,0,0,,,,,,,,,,1,1,0,0,1,0,0,1,0,0,0,Always,1,1,0,0,0,,Penicillin Oxytetracycline Penicillin Oxytetracycline,0,0,0,0,0,0,0,0,0,0,0,1,1,0,1,0,1,0,0,0,0,0,0,,1,1,1,0,0,,1,0,0,1,1,1,0,1,0,,Yes,Yes,No,No,Yes,Yes,Yes,Yes,Yes,Yes,Yes,1,1,1,0,0,0,No,0,0,1,0,0,Disposal in regular waste,0,0,1,0,Yes,Other (Please specify),0,0,0,0,1,Selling ,More than two weeks,0,0,1,0,No,392697059,f6eee077-abac-4d28-b1e9-1eedd37b225f,2024-10-08T16:11:16,,,submitted_via_web,khethire1,vtuqCcaWP7z6j38qRcYFDt,,51
2024-10-07T12:31:19.601+02:00,2024-10-08T18:15:10.672+02:00,-15.7918976 35.0055973 1054.8 2299.999,-15.7918976,35.0055973,1054.8,2299.999,Yes,7/10/2024,-15.7912641 35.0061736 0.0 2299.999,-15.7912641,35.0061736,0,2299.999,Male,>50,Primary school,Poultry farm,12,,1,1,1,1,0,0,1,0,1,1,0,To treat diseases To prevent diseases,1,1,0,0,,0,0,1,1,1,1,1,1,,,,,,,,,,,,Always,1,0,0,0,0,,Oxytetracycline Trimethoprim-Sulfamethoxazole Trimethoprim-Sulfamethoxazole,0,0,0,0,0,0,0,0,0,0,0,0,0,1,0,0,0,1,1,0,0,0,0,,1,0,1,0,0,,1,0,0,0,0,0,0,0,0,,Yes,Yes,No,No,I don't know,No,Yes,Yes,No,Yes,No,1,1,1,0,0,0,I don't know,0,0,1,0,0,Disposal in regular waste,0,0,1,0,I don't know,Storing for later use,0,0,1,0,0,,More than two weeks,0,0,1,0,I don't know,392698755,ab641186-6d26-4719-8a03-b35de607fd58,2024-10-08T16:15:17,,,submitted_via_web,khethire1,vtuqCcaWP7z6j38qRcYFDt,,52
2024-10-08T10:20:32.442+02:00,2024-10-08T18:24:31.534+02:00,-15.7363619 35.0232992 905.7 1.48,-15.7363619,35.0232992,905.7,1.48,Yes,8/10/2024,-15.7363658 35.0232901 905.6 1.6,-15.7363658,35.0232901,905.6,1.6,Female,>50,Secondary school,Both,200,50,3,1,0,1,0,1,1,0,1,1,0,To treat diseases To prevent diseases,1,1,0,0,,0,0,0,1,1,1,1,1,1,1,0,0,1,0,0,1,0,0,0,Always,1,1,0,0,0,,Penicillin Oxytetracycline Sulfadiazine Trimethoprim-Sulfamethoxazole Trimethoprim-Sulfamethoxazole,0,0,0,1,0,0,0,0,0,0,0,1,0,0,0,0,1,1,1,0,0,0,0,,1,1,1,0,0,,1,0,0,0,0,0,0,0,0,,Yes,Yes,No,No,Yes,Yes,Yes,Yes,No,Yes,No,1,1,1,0,0,0,I don't know,0,0,1,0,0,Disposal in regular waste,0,0,1,0,I don't know,Disposing of it in a landfill,0,0,0,1,0,,More than two weeks,0,0,1,0,I don't know,392815406,75c60e33-7960-41d4-8b29-f5fd6df9d74c,2024-10-09T00:03:01,,,submitted_via_web,khethire1,vtuqCcaWP7z6j38qRcYFDt,,53
2024-10-08T14:36:34.677+02:00,2024-10-09T02:06:11.270+02:00,-15.773632 34.9260598 625.9 6.46,-15.773632,34.9260598,625.9,6.46,Yes,8/10/2024,-15.7736175 34.9260573 625.8 8.909,-15.7736175,34.9260573,625.8,8.909,Female,>50,Secondary school,Poultry farm,50,,1,1,1,1,0,0,1,0,0,1,0,To treat diseases To prevent diseases,1,1,0,0,,0,0,1,0,1,1,1,1,,,,,,,,,,,,Sometimes,1,1,0,0,0,,Oxytetracycline Penicillin Oxytetracycline Oxytetracycline,0,0,0,0,0,0,0,0,0,0,0,1,0,1,1,0,0,0,0,0,0,0,1,,1,1,1,0,0,,1,0,1,0,0,1,0,0,0,,Yes,Yes,No,Yes,I don't know,Yes,Yes,Yes,No,Yes,Yes,1,1,1,0,0,0,I don't know,0,0,1,0,0,Disposal in regular waste,0,0,1,0,I don't know,Disposing of it in a landfill,0,0,0,1,0,,More than two weeks,0,0,1,0,I don't know,392816070,5ccbf4fa-92c3-4b7c-be01-f7de08040bf8,2024-10-09T00:09:44,,,submitted_via_web,khethire1,vtuqCcaWP7z6j38qRcYFDt,,54
2024-10-08T15:19:15.195+02:00,2024-10-09T02:09:30.101+02:00,-15.785402 34.9322284 678.1 1.96,-15.785402,34.9322284,678.1,1.96,Yes,8/10/2024,-15.7853716 34.932269 687.3 4.84,-15.7853716,34.932269,687.3,4.84,Male,>50,Secondary school,Poultry farm,10,,,1,1,1,0,1,1,0,1,0,0,To treat diseases To prevent diseases,1,1,0,0,,0,0,0,1,1,1,1,1,,,,,,,,,,,,Sometimes,1,1,0,0,0,,Penicillin Penicillin Oxytetracycline Trimethoprim-Sulfamethoxazole,0,0,0,0,0,0,0,0,0,0,0,1,1,0,0,0,1,1,0,0,0,0,0,,1,1,0,0,0,,1,0,1,0,0,1,0,1,0,,Yes,Yes,No,No,I don't know,Yes,Yes,Yes,No,Yes,Yes,1,1,1,0,0,0,I don't know,1,0,1,0,0,Disposal in regular waste,0,0,1,0,I don't know,Disposing of it in a landfill,0,0,0,1,0,,More than two weeks,0,0,1,0,I don't know,392816072,68ec595c-d357-4988-999a-0cb0c01afb5d,2024-10-09T00:09:44,,,submitted_via_web,khethire1,vtuqCcaWP7z6j38qRcYFDt,,55
2024-10-10T06:53:24.564+02:00,2024-10-10T06:56:59.032+02:00,-15.6462304 35.01117 712.9 3.0,-15.6462304,35.01117,712.9,3,Yes,10/10/2024,-15.6462642 35.0111971 713.0 3.511,-15.6462642,35.0111971,713,3.511,Male,>50,Primary school,Pig Farm,,7,2,1,0,0,0,0,0,0,0,1,0,To prevent diseases To treat diseases,1,1,0,0,,,,,,,,,,0,0,0,0,1,1,0,0,0,0,0,Sometimes,0,1,0,0,0,,Penicillin Penicillin Oxytetracycline Oxytetracycline Oxytetracycline Oxytetracycline,0,0,0,0,0,0,0,0,0,0,0,1,1,1,1,0,1,0,0,0,0,0,1,,1,0,0,0,0,,0,0,0,0,0,0,0,1,0,,No,No,No,No,I don't know,No,Yes,I don't Know,No,No,No,0,1,1,0,0,0,Yes,0,0,1,0,0,Disposal in regular waste,0,0,1,0,Yes,Composting,1,0,0,0,0,,I don't store manure,0,0,0,1,I don't know,393447684,630da206-acfc-4e1c-80e1-958b8b581323,2024-10-10T11:43:42,,,submitted_via_web,khethire1,vtuqCcaWP7z6j38qRcYFDt,,56
2024-10-11T06:26:28.984+02:00,2024-10-11T06:29:13.423+02:00,-15.6460051 35.0137347 694.7 3.0,-15.6460051,35.0137347,694.7,3,Yes,11/10/2024,-15.6460051 35.0137347 694.7 3.0,-15.6460051,35.0137347,694.7,3,Male,21-35,Tertiary education,Poultry farm,200,,2,1,0,1,0,0,0,0,0,1,0,To treat diseases To prevent diseases For growth promotion,1,1,1,0,,1,1,0,0,0,1,0,0,,,,,,,,,,,,Always,1,1,0,0,0,,Oxytetracycline Oxytetracycline Oxytetracycline Oxytetracycline Trimethoprim-Sulfamethoxazole Trimethoprim-Sulfamethoxazole,0,0,0,0,0,0,0,0,0,0,0,0,0,1,1,0,1,1,1,0,0,0,1,,1,0,0,0,0,,0,0,0,0,0,0,0,1,0,,Yes,Yes,No,No,Yes,No,Yes,Yes,Yes,Yes,Yes,0,1,1,0,0,0,Yes,0,0,1,0,0,Disposal in regular waste,0,0,1,0,Yes,Composting,1,0,0,0,0,,More than two weeks,0,0,1,0,Yes,393750437,18f6881d-cf8c-4720-9dde-9f18081e6982,2024-10-11T04:49:56,,,submitted_via_web,khethire1,vtuqCcaWP7z6j38qRcYFDt,,57
2024-10-11T06:45:44.282+02:00,2024-10-11T06:49:06.923+02:00,-15.6506651 35.0294996 732.9 3.0,-15.6506651,35.0294996,732.9,3,Yes,11/10/2024,-15.6507412 35.0294764 732.7 2.7,-15.6507412,35.0294764,732.7,2.7,Male,36-49,Secondary school,Poultry farm,150,,3,1,0,1,0,1,1,0,0,1,0,To prevent diseases For growth promotion,0,1,1,0,,1,1,0,0,0,1,0,0,,,,,,,,,,,,Sometimes,0,1,0,0,0,,Oxytetracycline,0,0,0,0,0,0,0,0,0,0,0,0,0,0,1,0,0,0,0,0,0,0,0,,1,0,0,0,0,,0,0,0,0,0,0,0,1,0,,Yes,Yes,No,No,I don't know,No,Yes,I don't Know,No,No,No,0,0,1,0,0,0,Yes,0,0,1,0,0,Disposal in regular waste,0,0,1,0,Yes,Composting,1,0,0,0,0,,More than two weeks,0,0,1,0,Yes,393750442,b5d9d1c0-fad5-42e9-8f35-b5d5a8f58058,2024-10-11T04:49:56,,,submitted_via_web,khethire1,vtuqCcaWP7z6j38qRcYFDt,,58
2024-10-11T07:25:55.854+02:00,2024-10-11T07:30:37.683+02:00,-15.650389 35.0269621 746.8 2.246,-15.650389,35.0269621,746.8,2.246,Yes,11/10/2024,-15.6505588 35.0258475 753.2 1.62,-15.6505588,35.0258475,753.2,1.62,Female,36-49,Tertiary education,Pig Farm,,4,3,1,0,0,0,1,1,0,0,1,0,To treat diseases To prevent diseases,1,1,0,0,,,,,,,,,,0,1,0,1,1,0,0,1,0,0,0,Always,1,1,0,0,0,,Penicillin Penicillin Oxytetracycline Oxytetracycline,0,0,0,0,0,0,0,0,0,0,0,1,1,1,0,0,1,0,0,0,0,0,0,,1,0,0,0,0,,0,0,0,0,0,0,0,1,0,,Yes,Yes,No,No,Yes,No,Yes,Yes,Yes,Yes,Yes,0,0,1,0,0,0,Yes,0,0,1,0,0,Disposal in regular waste,0,0,1,0,Yes,Composting,1,0,0,0,0,,1-2 weeks,0,1,0,0,Yes,393760006,5737e464-7faa-486b-b557-7703a008ddfd,2024-10-11T05:37:34,,,submitted_via_web,khethire1,vtuqCcaWP7z6j38qRcYFDt,,59
2024-10-11T07:30:44.736+02:00,2024-10-11T07:33:24.103+02:00,-15.6501122 35.0246196 750.1 2.0,-15.6501122,35.0246196,750.1,2,Yes,11/10/2024,-15.6501047 35.0246201 750.3 2.1,-15.6501047,35.0246201,750.3,2.1,Male,>50,Tertiary education,Poultry farm,250,,3,1,0,1,0,1,1,0,0,1,0,To prevent diseases For growth promotion,0,1,1,0,,1,0,0,0,0,1,0,0,,,,,,,,,,,,Always,0,1,0,0,0,,Oxytetracycline Trimethoprim-Sulfamethoxazole,0,0,0,0,0,0,0,0,0,0,0,0,0,1,0,0,0,1,0,0,0,0,0,,1,0,0,0,0,,1,0,0,0,0,0,0,1,0,,Yes,Yes,No,No,Yes,No,Yes,Yes,Yes,Yes,Yes,0,0,1,0,0,0,Yes,0,0,1,0,0,Disposal in regular waste,0,0,1,0,Yes,Storing for later use,0,0,1,0,0,,More than two weeks,0,0,1,0,Yes,393760019,71e3c274-b361-4232-bc36-6aa91fb7004d,2024-10-11T05:37:39,,,submitted_via_web,khethire1,vtuqCcaWP7z6j38qRcYFDt,,60
2024-10-11T07:33:46.486+02:00,2024-10-11T07:37:20.094+02:00,-15.650275 35.0240283 748.2 2.45,-15.650275,35.0240283,748.2,2.45,Yes,11/10/2024,-15.6503915 35.0235379 746.3 3.8,-15.6503915,35.0235379,746.3,3.8,Female,36-49,Primary school,Pig Farm,,2,1,1,0,0,0,0,1,0,0,0,0,To treat diseases To prevent diseases For growth promotion,1,1,1,0,,,,,,,,,,1,1,0,0,1,0,0,0,0,0,0,Sometimes,0,1,0,0,0,,Oxytetracycline,0,0,0,0,0,0,0,0,0,0,0,0,0,1,0,0,0,0,0,0,0,0,0,,1,0,0,0,0,,0,0,0,0,0,0,0,1,0,,No,No,No,No,I don't know,No,I don't know,I don't Know,No,No,No,0,0,1,0,0,0,Yes,0,0,1,0,0,Disposal in regular waste,0,0,1,0,Yes,Composting,1,0,0,0,0,,More than two weeks,0,0,1,0,Yes,393760025,13bdd596-734f-47c6-84f3-b33cc245613d,2024-10-11T05:37:41,,,submitted_via_web,khethire1,vtuqCcaWP7z6j38qRcYFDt,,61
2024-10-10T07:45:09.951+02:00,2024-10-10T07:48:45.735+02:00,-15.7905503 35.0694597 1173.8 1.46,-15.7905503,35.0694597,1173.8,1.46,Yes,10/10/2024,-15.7905564 35.0694514 1174.1 1.65,-15.7905564,35.0694514,1174.1,1.65,Female,>50,Secondary school,Poultry farm,10,,1,1,1,1,0,1,1,0,0,1,0,To treat diseases To prevent diseases,1,1,0,0,,0,0,0,1,1,1,1,1,,,,,,,,,,,,Sometimes,1,1,0,0,0,,Oxytetracycline Penicillin Oxytetracycline Trimethoprim-Sulfamethoxazole Trimethoprim-Sulfamethoxazole,0,0,0,0,0,0,0,0,0,0,0,1,0,1,0,0,0,1,1,0,0,0,1,,1,1,0,0,0,,1,0,1,0,0,0,0,0,0,,Yes,Yes,No,No,I don't know,Yes,Yes,Yes,No,Yes,Yes,1,1,1,0,0,0,I don't know,1,0,1,0,0,Disposal in regular waste,0,0,1,0,I don't know,Composting,1,0,0,0,0,,More than two weeks,0,0,1,0,I don't know,393980584,9d3bf6c6-afd6-4562-bd3e-b629f11d1c97,2024-10-11T14:53:21,,,submitted_via_web,khethire1,vtuqCcaWP7z6j38qRcYFDt,,62
2024-10-11T11:05:17.618+02:00,2024-10-11T16:47:59.525+02:00,-15.7657377 35.07474 1089.6 3.516,-15.7657377,35.07474,1089.6,3.516,Yes,11/10/2024,-15.7657388 35.0747298 1089.7 3.66,-15.7657388,35.0747298,1089.7,3.66,Male,>50,Tertiary education,Pig Farm,,10,1,1,1,1,0,1,1,1,0,1,0,To treat diseases To prevent diseases,1,1,0,0,,,,,,,,,,0,1,0,0,1,0,0,1,0,1,1,Sometimes,1,1,0,0,0,,Amoxicillin Gentamicin Doxycycline Tylosin Penicillin Oxytetracycline Oxytetracycline Trimethoprim-Sulfamethoxazole,0,0,0,0,0,1,1,0,1,0,0,1,0,0,1,0,1,1,0,0,0,1,0,,1,1,0,0,0,,1,0,1,1,1,1,0,1,0,,Yes,Yes,No,No,Yes,No,Yes,Yes,Yes,Yes,Yes,1,1,1,0,0,0,No,1,0,1,0,0,Disposal in regular waste,0,0,1,0,Yes,Composting Spreading directly on fields Storing for later use,1,1,1,0,0,,More than two weeks,0,0,1,0,No,393980589,d8f14c11-acf8-46ec-9529-f2e36e1d5bf2,2024-10-11T14:53:21,,,submitted_via_web,khethire1,vtuqCcaWP7z6j38qRcYFDt,,63
2024-10-11T11:07:38.130+02:00,2024-10-11T16:24:39.585+02:00,-15.7658596 35.0745556 1089.7 7.601,-15.7658596,35.0745556,1089.7,7.601,Yes,10/10/2024,-15.7657495 35.0746727 1089.7 4.94,-15.7657495,35.0746727,1089.7,4.94,Female,36-49,Secondary school,Poultry farm,19,,1,1,1,1,0,1,1,0,0,1,0,To treat diseases To prevent diseases,1,1,0,0,,0,0,1,1,0,1,1,1,,,,,,,,,,,,Sometimes,1,1,0,0,0,,Trimethoprim-Sulfamethoxazole Trimethoprim-Sulfamethoxazole Oxytetracycline Oxytetracycline Oxytetracycline,0,0,0,0,0,0,0,0,0,0,0,0,0,0,1,0,1,1,1,0,0,0,1,,1,1,0,0,0,,1,0,1,0,1,1,1,1,0,,Yes,Yes,No,No,Yes,Yes,Yes,Yes,No,Yes,Yes,1,1,1,0,0,0,No,0,0,1,0,0,Disposal in regular waste,0,0,1,0,I don't know,Disposing of it in a landfill Composting Storing for later use,1,0,1,1,0,,More than two weeks,0,0,1,0,I don't know,393980593,9db0a3d5-4d64-409a-86e5-afdb36eb868f,2024-10-11T14:53:22,,,submitted_via_web,khethire1,vtuqCcaWP7z6j38qRcYFDt,,64
2024-10-11T12:42:07.076+02:00,2024-10-11T16:50:25.265+02:00,-15.7655605 35.0745486 1101.8 1.583,-15.7655605,35.0745486,1101.8,1.583,Yes,9/10/2024,-15.7655616 35.0745273 1093.8 2.32,-15.7655616,35.0745273,1093.8,2.32,Female,>50,Secondary school,Poultry farm,17,,1,1,1,1,0,1,1,0,1,0,0,To treat diseases To prevent diseases,1,1,0,0,,0,0,1,1,1,1,1,1,,,,,,,,,,,,Always,1,1,0,0,0,,Trimethoprim-Sulfamethoxazole Sulfadiazine,0,0,0,1,0,0,0,0,0,0,0,0,0,0,0,0,0,0,1,0,0,0,0,,1,1,0,0,0,,1,0,1,1,1,1,0,1,0,,Yes,Yes,No,No,Yes,No,Yes,Yes,No,Yes,Yes,1,1,1,0,0,0,No,1,0,1,0,0,Disposal in regular waste,0,0,1,0,I don't know,Disposing of it in a landfill Storing for later use Composting,1,0,1,1,0,,More than two weeks,0,0,1,0,I don't know,393980598,b6844461-3217-4923-88da-5c2e6c08ec8f,2024-10-11T14:53:23,,,submitted_via_web,khethire1,vtuqCcaWP7z6j38qRcYFDt,,65
2024-10-11T12:48:13.694+02:00,2024-10-11T16:27:11.807+02:00,-15.7649044 35.0745623 1094.4 1.36,-15.7649044,35.0745623,1094.4,1.36,Yes,10/10/2024,-15.764905 35.0745629 1094.7 1.32,-15.764905,35.0745629,1094.7,1.32,Female,36-49,Secondary school,Pig Farm,,10,2,1,1,1,0,1,1,0,0,1,0,To treat diseases To prevent diseases,1,1,0,0,,,,,,,,,,1,1,0,0,1,0,0,1,0,1,0,Sometimes,1,1,0,0,0,,Penicillin Penicillin Oxytetracycline Oxytetracycline Oxytetracycline,0,0,0,0,0,0,0,0,0,0,0,1,1,1,1,0,1,0,0,0,0,0,0,,1,1,0,0,0,,1,0,1,0,1,1,1,1,0,,Yes,Yes,No,No,Yes,Yes,Yes,Yes,Yes,Yes,Yes,1,1,1,1,0,0,No,1,0,1,0,0,Disposal in regular waste,0,0,1,0,I don't know,Composting Storing for later use Disposing of it in a landfill,1,0,1,1,0,,More than two weeks,0,0,1,0,I don't know,393980602,33a1dd85-57bd-4ec5-bee5-69f7a81ae34f,2024-10-11T14:53:23,,,submitted_via_web,khethire1,vtuqCcaWP7z6j38qRcYFDt,,66
2024-10-11T12:51:09.326+02:00,2024-10-11T16:36:06.482+02:00,-15.7617108 35.0754794 1094.2 4.88,-15.7617108,35.0754794,1094.2,4.88,Yes,9/10/2024,-15.7615504 35.0757533 1094.0 5.016,-15.7615504,35.0757533,1094,5.016,Female,>50,Tertiary education,Pig Farm,,19,2,1,1,1,0,1,1,0,0,1,0,To treat diseases To prevent diseases,1,1,0,0,,,,,,,,,,1,1,0,0,1,0,0,1,1,0,1,Sometimes,1,1,0,0,0,,Penicillin Penicillin Oxytetracycline Oxytetracycline Trimethoprim-Sulfamethoxazole Trimethoprim-Sulfamethoxazole Oxytetracycline,0,0,0,0,0,0,0,0,0,0,0,1,1,1,0,0,1,1,1,0,0,0,1,,1,1,1,0,0,,1,0,1,0,1,1,1,1,0,,Yes,Yes,No,No,Yes,Yes,Yes,Yes,Yes,Yes,Yes,1,1,1,0,0,0,No,1,0,1,0,0,Disposal in regular waste,0,0,1,0,Yes,Composting Storing for later use Disposing of it in a landfill,1,0,1,1,0,,More than two weeks,0,0,1,0,No,393980604,6a8e9032-63f8-4ded-8c45-51385cca2376,2024-10-11T14:53:24,,,submitted_via_web,khethire1,vtuqCcaWP7z6j38qRcYFDt,,67
2024-10-11T12:52:57.828+02:00,2024-10-11T16:40:58.396+02:00,-15.7610413 35.0762428 1094.0 4.166,-15.7610413,35.0762428,1094,4.166,Yes,9/10/2024,-15.7608417 35.07671 1098.7 1511.579,-15.7608417,35.07671,1098.7,1511.579,Female,21-35,Secondary school,Poultry farm,28,,2,1,1,1,0,1,1,0,0,1,0,To treat diseases To prevent diseases,1,1,0,0,,0,0,1,0,1,1,1,1,,,,,,,,,,,,Sometimes,1,1,0,0,0,,Sulfadiazine Trimethoprim-Sulfamethoxazole Trimethoprim-Sulfamethoxazole Oxytetracycline Oxytetracycline,0,0,0,1,0,0,0,0,0,0,0,0,0,0,0,0,1,1,1,0,0,0,1,,0,1,0,0,0,,1,0,0,0,1,1,0,1,0,,Yes,Yes,No,No,Yes,Yes,Yes,Yes,No,Yes,Yes,1,1,1,0,0,0,No,1,0,1,0,0,Disposal in regular waste,0,0,1,0,I don't know,Composting Storing for later use Spreading directly on fields,1,1,1,0,0,,More than two weeks 1-2 weeks,0,1,1,0,No,393980612,c5eaae6e-b5ef-4ae9-a756-49086c1aa2f3,2024-10-11T14:53:25,,,submitted_via_web,khethire1,vtuqCcaWP7z6j38qRcYFDt,,68
2024-10-11T12:55:24.331+02:00,2024-10-11T16:31:19.397+02:00,-15.7525167 35.079451 1096.0 3.48,-15.7525167,35.079451,1096,3.48,Yes,10/10/2024,-15.7461631 35.0806406 1096.2 10.85,-15.7461631,35.0806406,1096.2,10.85,Female,21-35,Secondary school,Pig Farm,,10,1,1,1,1,0,1,1,0,0,1,0,To treat diseases To prevent diseases,1,1,0,0,,,,,,,,,,1,1,0,0,1,0,0,1,1,1,1,Always,1,1,0,0,0,,Penicillin Oxytetracycline Oxytetracycline Penicillin Oxytetracycline Trimethoprim-Sulfamethoxazole Trimethoprim-Sulfamethoxazole,0,0,0,0,0,0,0,0,0,0,0,1,1,1,0,0,1,1,1,0,0,0,1,,1,1,0,0,0,,1,0,1,0,1,1,0,0,0,,Yes,Yes,No,No,Yes,Yes,Yes,Yes,No,Yes,Yes,1,1,1,0,0,0,No,1,0,1,0,0,Disposal in regular waste,0,0,1,0,I don't know,Composting Storing for later use Disposing of it in a landfill,1,0,1,1,0,,More than two weeks,0,0,1,0,No,393980614,092bfe74-adb1-47d0-93a8-a261a48d564f,2024-10-11T14:53:26,,,submitted_via_web,khethire1,vtuqCcaWP7z6j38qRcYFDt,,69
2024-10-11T12:57:54.010+02:00,2024-10-11T16:53:07.688+02:00,-15.7442633 35.0809989 1091.9 2.46,-15.7442633,35.0809989,1091.9,2.46,Yes,11/10/2024,-15.7436203 35.0807318 1089.6000000000001 11.333,-15.7436203,35.0807318,1089.6,11.333,Female,36-49,Tertiary education,Poultry farm,1,,1,1,1,1,0,1,1,0,0,1,0,To treat diseases To prevent diseases,1,1,0,0,,0,0,1,1,1,0,1,1,,,,,,,,,,,,Always,1,1,0,0,0,,Trimethoprim-Sulfamethoxazole Trimethoprim-Sulfamethoxazole Sulfadiazine Oxytetracycline Oxytetracycline Oxytetracycline,0,0,0,1,0,0,0,0,0,0,0,0,0,0,1,0,1,1,1,0,0,0,1,,1,1,0,0,0,,1,0,1,0,1,1,1,1,0,,Yes,Yes,No,No,Yes,Yes,Yes,Yes,No,Yes,Yes,1,1,1,1,0,0,I don't know,1,0,1,0,0,Disposal in regular waste,0,0,1,0,I don't know,Composting Storing for later use Disposing of it in a landfill,1,0,1,1,0,,More than two weeks,0,0,1,0,I don't know,393980618,11fc9485-12a8-429c-a6b4-865014f228bd,2024-10-11T14:53:26,,,submitted_via_web,khethire1,vtuqCcaWP7z6j38qRcYFDt,,70
2024-10-11T13:02:56.506+02:00,2024-10-11T16:44:45.914+02:00,-15.7365896 35.0817719 1037.0 1.58,-15.7365896,35.0817719,1037,1.58,Yes,9/10/2024,-15.7365877 35.081773 1046.2 2.06,-15.7365877,35.081773,1046.2,2.06,Male,36-49,Tertiary education,Both,6,9,2,1,1,1,0,1,1,0,0,1,0,To treat diseases To prevent diseases,1,1,0,0,,0,0,1,1,1,1,1,1,1,1,0,0,1,0,0,1,1,1,1,Sometimes,1,1,0,0,0,,Penicillin Penicillin Oxytetracycline Oxytetracycline Trimethoprim-Sulfamethoxazole Trimethoprim-Sulfamethoxazole Gentamicin Amoxicillin Tylosin Doxycycline,0,0,0,0,0,1,1,0,1,0,0,1,1,1,0,0,1,1,1,0,0,1,0,,1,1,0,0,0,,1,0,1,1,0,1,1,1,0,,Yes,Yes,No,No,Yes,Yes,Yes,Yes,Yes,Yes,Yes,1,1,1,0,0,0,No,1,0,1,0,0,Disposal in regular waste,0,0,1,0,I don't know,Other (Please specify),0,0,0,0,1,Selling ,More than two weeks,0,0,1,0,No,393980624,9705f73a-0f4a-4bc7-8c19-164039fa4e5b,2024-10-11T14:53:27,,,submitted_via_web,khethire1,vtuqCcaWP7z6j38qRcYFDt,,71
2024-10-11T16:07:59.779+02:00,2024-10-11T16:33:46.446+02:00,-15.7345637 35.0847285 1003.3 1.56,-15.7345637,35.0847285,1003.3,1.56,Yes,11/10/2024,-15.7345539 35.0847252 1001.8 1.84,-15.7345539,35.0847252,1001.8,1.84,Male,21-35,Tertiary education,Pig Farm,,6,1,1,1,1,0,1,1,0,0,1,0,To treat diseases To prevent diseases,1,1,0,0,,,,,,,,,,1,1,0,0,1,0,0,1,0,1,1,Sometimes,1,1,0,0,0,,Penicillin Penicillin Oxytetracycline Trimethoprim-Sulfamethoxazole Oxytetracycline Oxytetracycline Trimethoprim-Sulfamethoxazole,0,0,0,0,0,0,0,0,0,0,0,1,1,1,1,0,1,1,1,0,0,0,0,,1,1,0,0,0,,1,0,1,1,1,1,1,1,0,,Yes,Yes,No,No,Yes,Yes,Yes,Yes,Yes,Yes,Yes,1,1,1,0,0,0,No,1,0,1,0,0,Disposal in regular waste,0,0,1,0,Yes,Composting Storing for later use Disposing of it in a landfill,1,0,1,1,0,,More than two weeks,0,0,1,0,No,393980628,253673a4-8ae7-4b6c-b637-5163b9e2e733,2024-10-11T14:53:28,,,submitted_via_web,khethire1,vtuqCcaWP7z6j38qRcYFDt,,72
2024-10-11T16:10:12.050+02:00,2024-10-11T16:21:43.864+02:00,-15.7340011 35.0848675 1004.3 1.74,-15.7340011,35.0848675,1004.3,1.74,Yes,10/10/2024,-15.7340195 35.0848559 1004.8 1.92,-15.7340195,35.0848559,1004.8,1.92,Male,36-49,Tertiary education,Pig Farm,,10,1,1,1,1,0,1,1,0,0,1,0,To treat diseases To prevent diseases,1,1,0,0,,,,,,,,,,1,1,0,0,1,0,1,1,0,1,0,Always,1,1,0,0,0,,Penicillin Oxytetracycline Penicillin Oxytetracycline Oxytetracycline,0,0,0,0,0,0,0,0,0,0,0,1,1,1,1,0,1,0,0,0,0,0,0,,1,1,0,0,0,,1,0,1,1,1,1,1,1,0,,Yes,Yes,No,No,Yes,Yes,Yes,Yes,Yes,Yes,No,1,1,1,0,0,0,No,1,0,1,0,0,Disposal in regular waste,0,0,1,0,I don't know,Storing for later use Composting Disposing of it in a landfill,1,0,1,1,0,,More than two weeks,0,0,1,0,No,393980635,1a6ce53f-f79c-4b9c-af4e-a9b0538a2710,2024-10-11T14:53:29,,,submitted_via_web,khethire1,vtuqCcaWP7z6j38qRcYFDt,,73
2024-10-12T10:20:44.828+02:00,2024-10-17T21:27:04.796+02:00,,,,,,Yes,,,,,,,Male,21-35,Tertiary education,Both,8,4,2,0,0,0,1,0,0,0,0,0,1,To prevent diseases,0,1,0,0,,0,0,0,0,1,0,0,0,0,0,0,0,0,1,0,0,0,0,0,Never,0,1,0,0,0,,Oxytetracycline,0,0,0,0,0,0,0,0,0,0,0,0,0,0,0,0,1,0,0,0,0,0,0,,0,1,0,0,0,,0,0,0,0,0,0,1,0,0,,No,Yes,No,Yes,I don't know,No,Yes,I don't Know,No,No,No,0,0,0,1,0,0,Yes,0,0,1,0,0,Disposal in regular waste,0,0,1,0,I don't know,Storing for later use,0,0,1,0,0,,1-2 weeks,0,1,0,0,I don't know,396394313,2f0261b2-0b89-43c4-88fb-bbf57a4fee4c,2024-10-17T19:27:16,,,submitted_via_web,khethire1,vtuqCcaWP7z6j38qRcYFDt,,74
2024-10-14T14:26:14.011+02:00,2024-10-17T21:27:48.179+02:00,-15.8852024 35.0641092 0.0 3200.0,-15.8852024,35.0641092,0,3200,Yes,14/10/2024,-15.8810034 35.077707 1151.7200685357675 4.068,-15.8810034,35.077707,1151.720069,4.068,Male,36-49,Secondary school,Pig Farm,,12,6,1,0,0,0,0,1,0,0,0,0,To treat diseases,1,0,0,0,,,,,,,,,,1,0,0,0,0,0,0,0,0,0,0,Sometimes,1,0,0,0,0,,Oxytetracycline,0,0,0,0,0,0,0,0,0,0,0,0,0,1,0,0,0,0,0,0,0,0,0,,1,0,0,0,0,,1,0,0,0,0,0,0,0,0,,Yes,Yes,No,Yes,Yes,No,Yes,Yes,Yes,No,Yes,0,1,0,0,0,0,Yes,1,0,0,0,0,Disposal in regular waste,0,0,1,0,Yes,Composting,1,0,0,0,0,,More than two weeks,0,0,1,0,I don't know,396394522,f9ef6182-0465-430a-9e38-268b975b7fd9,2024-10-17T19:28:00,,,submitted_via_web,khethire1,vtuqCcaWP7z6j38qRcYFDt,,75
2024-10-14T14:37:50.274+02:00,2024-10-17T21:29:08.777+02:00,-15.8777193 35.083435 1119.31036699377 9.413,-15.8777193,35.083435,1119.310367,9.413,Yes,14/10/2024,-15.8777123 35.0834398 1119.31036699377 4.676,-15.8777123,35.0834398,1119.310367,4.676,Male,21-35,Primary school,Poultry farm,14,,1,0,1,0,0,0,0,0,0,0,1,To treat diseases,1,0,0,0,,0,0,0,1,0,0,0,0,,,,,,,,,,,,Never,0,0,0,0,1,From my garden,Other (specify),0,0,0,0,0,0,0,0,0,0,1,0,0,0,0,0,0,0,0,0,0,0,0,Aluvera,0,0,0,0,1,Farmer,0,0,0,0,0,0,0,0,1,I do not have any knowledge,No,No,Yes,Yes,I don't know,No,I don't know,I don't Know,Yes,No,No,0,0,0,0,0,1,Yes,0,0,0,0,1,Disposal on open field or water body,0,0,0,1,Yes,Composting,1,0,0,0,0,,I don't store manure,0,0,0,1,I don't know,396394963,75a783e0-ffa9-4417-9e43-0fa07a961ef2,2024-10-17T19:29:21,,,submitted_via_web,khethire1,vtuqCcaWP7z6j38qRcYFDt,,76
2024-10-14T14:56:15.960+02:00,2024-10-17T21:29:02.177+02:00,-15.8744501 35.0847507 1119.31036699377 4400.0,-15.8744501,35.0847507,1119.310367,4400,Yes,14/10/2024,-15.877179 35.0831794 1146.1793225286528 4.759,-15.877179,35.0831794,1146.179323,4.759,Male,21-35,Primary school,Both,30,4,1,1,0,0,0,0,0,0,0,1,0,To treat diseases,1,0,0,0,,0,0,0,1,0,0,1,0,1,0,1,0,1,0,0,0,0,0,0,Never,1,1,0,0,0,,Other (specify) Oxytetracycline,0,0,0,0,0,0,0,0,0,0,1,0,0,0,0,0,0,0,0,0,0,0,1,,0,1,0,0,0,,0,0,0,1,0,0,0,0,0,,Yes,Yes,No,Yes,Yes,No,Yes,Yes,Yes,Yes,Yes,1,0,0,0,0,0,Yes,1,0,0,0,0,Disposal in regular waste,0,0,1,0,Yes,Spreading directly on fields,0,1,0,0,0,,Less than one week,1,0,0,0,Yes,396394968,dcb538ce-9297-4056-849b-822311a4e9d3,2024-10-17T19:29:22,,,submitted_via_web,khethire1,vtuqCcaWP7z6j38qRcYFDt,,77
2024-10-15T16:25:10.337+02:00,2024-10-17T21:28:54.202+02:00,-15.8872092 35.0720224 0.0 3200.0,-15.8872092,35.0720224,0,3200,Yes,15/10/2024,-15.8888707 35.0668758 1194.9572524307296 4.9,-15.8888707,35.0668758,1194.957252,4.9,Male,36-49,Tertiary education,Poultry farm,25000,,12,1,0,1,0,0,0,0,1,0,0,To treat diseases,1,0,0,0,,0,0,1,1,1,0,0,0,,,,,,,,,,,,Always,1,0,0,0,0,,Oxytetracycline Penicillin Trimethoprim-Sulfamethoxazole Trimethoprim-Sulfamethoxazole Sulfadiazine Enrofloxacin Gentamicin Amoxicillin Doxycycline Doxycycline Colistin Tylosin,0,0,0,1,0,1,1,0,1,1,0,1,0,1,0,0,0,1,1,1,1,1,0,,1,0,1,0,0,,0,0,1,0,0,0,0,0,0,,Yes,Yes,No,Yes,Yes,Yes,Yes,Yes,Yes,Yes,Yes,1,0,0,0,0,0,No,1,0,0,0,0,Disposal in regular waste,0,0,1,0,Yes,Composting,1,0,0,0,0,,More than two weeks,0,0,1,0,Yes,396394971,082d807b-aa57-41a8-8d2b-fc1252cfa195,2024-10-17T19:29:23,,,submitted_via_web,khethire1,vtuqCcaWP7z6j38qRcYFDt,,78
2024-10-17T09:18:06.201+02:00,2024-10-17T21:28:46.022+02:00,-15.861066 35.0957574 0.0 4099.999,-15.861066,35.0957574,0,4099.999,Yes,17/10/2024,-15.8796887 35.0805847 1130.3857627399266 4.9,-15.8796887,35.0805847,1130.385763,4.9,Female,>50,Secondary school,Poultry farm,16,,9,0,1,1,0,0,1,0,0,0,0,To treat diseases,1,0,0,0,,0,0,0,1,1,0,0,0,,,,,,,,,,,,Sometimes,1,1,0,0,0,,Amoxicillin,0,0,0,0,0,0,1,0,0,0,0,0,0,0,0,0,0,0,0,0,0,0,0,,0,1,0,0,0,,0,0,0,1,0,0,0,0,0,,Yes,Yes,No,No,I don't know,Yes,Yes,I don't Know,Yes,No,No,0,1,1,0,1,0,Yes,1,0,0,0,0,Disposal in regular waste,0,0,1,0,I don't know,Composting,1,0,0,0,0,,More than two weeks,0,0,1,0,Yes,396394974,51f08cf9-156b-486e-a2a1-38ccb93caed6,2024-10-17T19:29:24,,,submitted_via_web,khethire1,vtuqCcaWP7z6j38qRcYFDt,,79
2024-10-17T09:27:26.395+02:00,2024-10-17T21:28:39.160+02:00,-15.8775438 35.0839334 1113.563830411993 13.766,-15.8775438,35.0839334,1113.56383,13.766,Yes,17/10/2024,-15.8775437 35.0839325 1113.563830411993 3.0,-15.8775437,35.0839325,1113.56383,3,Male,36-49,Secondary school,Pig Farm,,6,1,1,0,0,0,0,1,0,0,0,0,To treat diseases,1,0,0,0,,,,,,,,,,1,0,0,0,1,0,0,0,0,1,0,Always,1,0,0,0,0,,Penicillin Oxytetracycline Trimethoprim-Sulfamethoxazole Sulfadiazine,0,0,0,1,0,0,0,0,0,0,0,1,0,0,1,0,0,1,0,0,0,0,0,,1,0,0,0,0,,1,0,0,0,0,0,0,0,0,,No,Yes,Yes,No,I don't know,No,Yes,I don't Know,Yes,Yes,Yes,1,1,0,0,0,0,No,1,0,0,0,0,Disposal in regular waste,0,0,1,0,Yes,Composting,1,0,0,0,0,,More than two weeks,0,0,1,0,Yes,396394978,e326bfe8-f186-4406-b6fe-12137dbd57ea,2024-10-17T19:29:25,,,submitted_via_web,khethire1,vtuqCcaWP7z6j38qRcYFDt,,80
2024-10-17T12:09:21.714+02:00,2024-10-17T21:28:31.348+02:00,-15.8782283 35.0827236 1128.3319363994524 19.0,-15.8782283,35.0827236,1128.331936,19,Yes,17/10/2024,-15.8783421 35.0828139 1105.6657153414562 4.348,-15.8783421,35.0828139,1105.665715,4.348,Female,36-49,Secondary school,Pig Farm,,4,1,1,0,0,0,0,0,0,1,0,0,To treat diseases,1,0,0,0,,,,,,,,,,1,0,0,0,1,1,0,0,0,1,0,Sometimes,1,0,0,0,0,,Penicillin Oxytetracycline Sulfadiazine,0,0,0,1,0,0,0,0,0,0,0,1,0,0,0,0,1,0,0,0,0,0,0,,0,0,0,1,0,,0,0,0,1,0,0,0,0,0,,No,Yes,No,Yes,I don't know,No,Yes,I don't Know,Yes,No,No,0,0,0,0,0,1,Yes,1,0,0,0,0,Disposal in regular waste,0,0,1,0,I don't know,Composting,1,0,0,0,0,,More than two weeks Less than one week,1,0,1,0,I don't know,396394981,60d084ab-0a9f-4117-ac06-4c9682c37ce3,2024-10-17T19:29:25,,,submitted_via_web,khethire1,vtuqCcaWP7z6j38qRcYFDt,,81
2024-10-17T14:28:41.951+02:00,2024-10-17T21:28:23.729+02:00,-15.8852024 35.0641092 0.0 3200.0,-15.8852024,35.0641092,0,3200,Yes,17/10/2024,-15.8795742 35.0764832 1148.2130866385996 4.158,-15.8795742,35.0764832,1148.213087,4.158,Female,>50,No formal education,Pig Farm,,6,5,1,1,1,0,0,0,1,0,1,0,To treat diseases To prevent diseases,1,1,0,0,,,,,,,,,,1,0,0,0,1,1,0,0,0,1,0,Sometimes,1,1,0,0,0,,Oxytetracycline,0,0,0,0,0,0,0,0,0,0,0,0,0,0,1,0,0,0,0,0,0,0,0,,1,0,0,1,0,,1,0,1,1,0,0,0,0,0,,No,Yes,Yes,Yes,I don't know,No,Yes,I don't Know,No,No,No,0,1,0,1,0,0,Yes,0,0,0,1,0,Disposal in regular waste,0,0,1,0,I don't know,Composting,1,0,0,0,0,,1-2 weeks,0,1,0,0,Yes,396394983,67d3860e-89be-48fd-bd39-e2126f68607d,2024-10-17T19:29:26,,,submitted_via_web,khethire1,vtuqCcaWP7z6j38qRcYFDt,,82
2024-10-17T14:37:13.979+02:00,2024-10-17T21:28:15.162+02:00,-15.8800477 35.0783322 1091.2957729343325 19.0,-15.8800477,35.0783322,1091.295773,19,Yes,17/10/2024,-15.8802054 35.0783153 1142.5742486547679 3.541,-15.8802054,35.0783153,1142.574249,3.541,Male,36-49,Secondary school,Poultry farm,22,,3,1,0,1,0,1,1,0,1,1,0,To treat diseases To prevent diseases,1,1,0,0,,1,1,1,1,1,1,0,0,,,,,,,,,,,,Always,1,1,0,0,0,,Penicillin Oxytetracycline Trimethoprim-Sulfamethoxazole Sulfadiazine Gentamicin Amoxicillin Doxycycline Tylosin,0,0,0,1,0,1,1,0,1,0,0,1,0,1,0,0,0,1,0,0,1,0,0,,1,1,0,1,0,,1,0,1,1,0,0,0,1,0,,Yes,Yes,Yes,No,Yes,Yes,Yes,I don't Know,Yes,No,No,0,1,1,1,1,0,Yes,1,0,0,0,0,Disposal in regular waste,0,0,1,0,Yes,Composting,1,0,0,0,0,,More than two weeks,0,0,1,0,Yes,396394985,f8623185-ad8d-42a1-a1ac-2900b9416624,2024-10-17T19:29:27,,,submitted_via_web,khethire1,vtuqCcaWP7z6j38qRcYFDt,,83
2024-10-18T09:50:09.275+02:00,2024-10-18T09:58:10.962+02:00,-15.8150104 34.9943289 466.0 3.201,-15.8150104,34.9943289,466,3.201,Yes,18/10/2024,-15.8150113 34.9943325 466.0 3.055,-15.8150113,34.9943325,466,3.055,Female,>50,Tertiary education,Both,250,15,10,1,1,1,0,1,1,0,0,1,0,To treat diseases To prevent diseases,1,1,0,0,,0,0,1,1,0,1,1,0,1,1,0,0,0,0,0,0,0,1,1,Sometimes,0,1,0,0,0,,Penicillin Oxytetracycline Oxytetracycline Trimethoprim-Sulfamethoxazole,0,0,0,0,0,0,0,0,0,0,0,0,1,1,1,0,0,1,0,0,0,0,0,,0,1,1,0,0,,0,0,1,1,0,0,1,1,0,,Yes,Yes,Yes,No,I don't know,No,I don't know,I don't Know,No,Yes,Yes,1,0,0,0,0,0,Yes,0,0,1,0,0,Disposal in regular waste,0,0,1,0,No,Storing for later use,0,0,1,0,0,,More than two weeks,0,0,1,0,I don't know,396952536,daf8abf4-4ea5-4b70-ae44-6c19480710d8,2024-10-19T08:09:24,,,submitted_via_web,khethire1,vtuqCcaWP7z6j38qRcYFDt,,84
2024-10-18T15:48:40.688+02:00,2024-10-18T16:10:42.138+02:00,-15.8138612 34.9938918 999.0 15.537,-15.8138612,34.9938918,999,15.537,Yes,18/10/2024,-15.813849 34.9938909 999.0 4.551,-15.813849,34.9938909,999,4.551,Male,21-35,Tertiary education,Both,100,30,4,1,1,1,0,1,1,0,1,1,0,To treat diseases To prevent diseases,1,1,0,0,,1,1,1,1,0,0,1,1,1,1,0,1,0,0,0,0,0,1,1,Sometimes,0,1,0,0,0,,Oxytetracycline Trimethoprim-Sulfamethoxazole,0,0,0,0,0,0,0,0,0,0,0,0,0,1,0,0,0,1,0,0,0,0,0,,0,1,0,0,0,,1,0,0,1,1,0,0,1,0,,Yes,Yes,Yes,No,Yes,No,Yes,Yes,Yes,Yes,Yes,1,0,0,0,0,0,Yes,0,0,1,0,0,Disposal in regular waste,0,0,1,0,No,Composting,1,0,0,0,0,,More than two weeks,0,0,1,0,Yes,396952539,a1baa783-5aaa-404d-9731-c5ddf32421ee,2024-10-19T08:09:25,,,submitted_via_web,khethire1,vtuqCcaWP7z6j38qRcYFDt,,85
2024-10-18T16:10:56.382+02:00,2024-10-18T16:18:40.439+02:00,-15.813849 34.9938909 999.0 355.877,-15.813849,34.9938909,999,355.877,Yes,18/10/2024,-15.8135361 34.9938526 998.0 4.803,-15.8135361,34.9938526,998,4.803,Male,36-49,Tertiary education,Poultry farm,12,,5,0,1,1,0,0,0,1,1,1,0,To treat diseases To prevent diseases,1,1,0,0,,1,0,0,0,0,1,1,0,,,,,,,,,,,,Never,0,1,0,0,0,,Other (specify),0,0,0,0,0,0,0,0,0,0,1,0,0,0,0,0,0,0,0,0,0,0,0,Lasota,0,1,0,0,0,,0,0,0,1,0,0,1,1,0,,Yes,Yes,Yes,Yes,I don't know,No,Yes,I don't Know,No,No,No,0,0,0,0,0,1,Yes,0,0,1,0,0,Disposal in regular waste,0,0,1,0,No,Storing for later use,0,0,1,0,0,,More than two weeks,0,0,1,0,I don't know,396952543,93cc64cc-8b2a-4f08-9da8-9bc417bb6451,2024-10-19T08:09:25,,,submitted_via_web,khethire1,vtuqCcaWP7z6j38qRcYFDt,,86
2024-10-19T19:53:08.905+02:00,2024-10-19T20:01:17.411+02:00,-15.8135965 34.994741 0.0 600.0,-15.8135965,34.994741,0,600,Yes,19/10/2024,-15.813182 34.9940952 1006.0 13.653,-15.813182,34.9940952,1006,13.653,Male,21-35,Tertiary education,Poultry farm,15,,5,0,1,1,0,0,0,0,0,1,0,To prevent diseases To treat diseases,1,1,0,0,,1,1,0,0,0,0,0,0,,,,,,,,,,,,Never,0,1,0,0,0,,Other (specify),0,0,0,0,0,0,0,0,0,0,1,0,0,0,0,0,0,0,0,0,0,0,0,Vaccines,0,1,0,0,0,,0,0,0,1,0,0,0,1,0,,Yes,Yes,Yes,No,Yes,No,I don't know,I don't Know,No,Yes,Yes,1,0,0,0,0,0,Yes,0,0,1,0,0,Disposal in regular waste,0,0,1,0,No,Storing for later use,0,0,1,0,0,,More than two weeks,0,0,1,0,Yes,397252919,95899470-7be8-4368-ba03-48d1307f088e,2024-10-20T06:53:08,,,submitted_via_web,khethire1,vtuqCcaWP7z6j38qRcYFDt,,87
2024-10-20T18:35:22.113+02:00,2024-10-20T18:48:24.162+02:00,-15.9027826 35.0764947 0.0 3099.999,-15.9027826,35.0764947,0,3099.999,Yes,20/10/2024,-15.8792622 35.0912551 1070.9111652560532 4.9,-15.8792622,35.0912551,1070.911165,4.9,Male,36-49,Tertiary education,Both,1500,18,3,1,0,1,0,1,1,0,1,1,0,To treat diseases To prevent diseases,1,1,0,0,,1,1,1,1,1,1,0,0,1,0,0,0,1,0,0,0,0,1,1,Sometimes,1,1,0,0,0,,Penicillin Oxytetracycline Oxytetracycline Trimethoprim-Sulfamethoxazole Sulfadiazine Gentamicin Tylosin,0,0,0,1,0,1,0,0,1,0,0,1,0,1,0,0,0,1,0,0,0,0,1,,1,0,1,0,0,,1,0,1,0,0,0,0,1,0,,Yes,Yes,No,Yes,Yes,Yes,Yes,Yes,Yes,Yes,Yes,1,1,1,1,1,0,No,1,0,0,0,0,Disposal in regular waste,0,0,1,0,Yes,Composting,1,0,0,0,0,,More than two weeks,0,0,1,0,Yes,397423924,4cf51c51-096b-4403-b533-7685af8eb444,2024-10-20T16:52:27,,,submitted_via_web,khethire1,vtuqCcaWP7z6j38qRcYFDt,,88
2024-10-09T09:53:05.603+02:00,2024-10-09T10:39:21.674+02:00,-15.9162443 34.9495158 892.9000000000001 2.361,-15.9162443,34.9495158,892.9,2.361,Yes,9/10/2024,-15.9162381 34.9495248 895.8000000000001 2.75,-15.9162381,34.9495248,895.8,2.75,Female,36-49,Secondary school,Pig Farm,,3,1,1,0,0,0,0,0,0,1,1,0,To prevent diseases To treat diseases,1,1,0,0,,,,,,,,,,1,0,0,0,1,0,0,0,0,0,0,Sometimes,1,0,0,0,0,,Penicillin Penicillin Oxytetracycline Oxytetracycline Oxytetracycline Oxytetracycline Amoxicillin Gentamicin Doxycycline,0,0,0,0,0,1,1,0,0,0,0,1,1,1,1,0,1,0,0,0,0,1,1,,1,1,0,0,0,,1,0,1,0,0,0,0,0,0,,Yes,Yes,No,No,Yes,No,No,Yes,No,Yes,Yes,0,1,0,0,0,0,I don't know,1,0,1,0,0,Disposal in regular waste,0,0,1,0,Yes,Spreading directly on fields,0,1,0,0,0,,I don't store manure,0,0,0,1,I don't know,397789452,0a141b32-aad8-43f5-81ed-d701e84bf41e,2024-10-21T15:59:39,,,submitted_via_web,khethire1,vtuqCcaWP7z6j38qRcYFDt,,89
2024-10-09T11:40:48.634+02:00,2024-10-09T11:47:49.627+02:00,-15.8749358 34.9709998 878.0 1.5,-15.8749358,34.9709998,878,1.5,Yes,9/10/2024,-15.8749082 34.9709997 878.0 2.95,-15.8749082,34.9709997,878,2.95,Male,21-35,No formal education,Pig Farm,,4,1,1,1,0,0,0,1,0,0,0,0,To treat diseases,1,0,0,0,,,,,,,,,,1,1,0,0,1,0,1,0,0,0,0,Sometimes,1,0,0,0,0,,Penicillin Oxytetracycline Gentamicin,0,0,0,0,0,1,0,0,0,0,0,1,0,0,1,0,0,0,0,0,0,0,0,,1,1,0,0,0,,1,0,0,0,0,0,0,0,0,,Yes,Yes,Yes,No,No,No,Yes,Yes,No,No,No,0,1,0,0,0,0,I don't know,0,0,1,0,0,Disposal in regular waste,0,0,1,0,I don't know,Disposing of it in a landfill,0,0,0,1,0,,I don't store manure,0,0,0,1,I don't know,397789456,b436996c-2680-407d-8aee-71834e1e8bf2,2024-10-21T15:59:40,,,submitted_via_web,khethire1,vtuqCcaWP7z6j38qRcYFDt,,90
2024-10-10T10:36:56.903+02:00,2024-10-10T10:40:45.790+02:00,-15.9230915 34.9475489 920.5 4.963,-15.9230915,34.9475489,920.5,4.963,Yes,10/10/2024,-15.9230915 34.9475489 920.5 4.963,-15.9230915,34.9475489,920.5,4.963,Male,36-49,Primary school,Pig Farm,,6,5,1,1,0,0,0,1,0,1,0,0,To treat diseases To prevent diseases,1,1,0,0,,,,,,,,,,1,1,0,0,1,0,0,0,0,1,0,Sometimes,1,0,0,0,0,,Penicillin Oxytetracycline Other (specify),0,0,0,0,0,0,0,0,0,0,1,1,0,0,0,0,1,0,0,0,0,0,0,Ivomectine,0,1,0,0,0,,1,0,0,1,0,0,0,0,0,,Yes,Yes,Yes,No,I don't know,No,Yes,Yes,No,No,Yes,0,1,0,0,0,0,I don't know,0,0,1,0,0,Disposal in regular waste,0,0,1,0,No,Spreading directly on fields,0,1,0,0,0,,I don't store manure,0,0,0,1,No,397789460,e0c5fac0-faf6-4e25-b8b0-e044d5cd4b65,2024-10-21T15:59:41,,,submitted_via_web,khethire1,vtuqCcaWP7z6j38qRcYFDt,,91
2024-10-17T09:09:29.940+02:00,2024-10-17T09:37:48.700+02:00,,,,,,Yes,17/10/2024,-15.964641 34.9081239 460.0 4.2,-15.964641,34.9081239,460,4.2,Female,36-49,Tertiary education,Pig Farm,,6,6,1,0,0,0,0,1,0,1,1,0,To treat diseases To prevent diseases,1,1,0,0,,,,,,,,,,1,1,0,0,0,0,0,0,0,0,0,Sometimes,0,1,0,0,0,,Penicillin Oxytetracycline Other (specify),0,0,0,0,0,0,0,0,0,0,1,1,0,1,0,0,0,0,0,0,0,0,0,Dexamethasone ,1,0,0,1,0,,1,0,0,0,0,0,0,0,0,,Yes,,No,No,Yes,No,Yes,Yes,No,No,No,0,1,0,0,0,0,I don't know,0,0,1,0,0,Disposal in regular waste,0,0,1,0,I don't know,Spreading directly on fields,0,1,0,0,0,,I don't store manure,0,0,0,1,I don't know,397789462,e0b7d155-dcfb-4af3-9b98-12e37f52d73f,2024-10-21T15:59:41,,,submitted_via_web,khethire1,vtuqCcaWP7z6j38qRcYFDt,,92
2024-10-17T09:46:06.731+02:00,2024-10-17T12:53:51.459+02:00,-15.9647126 34.9079458 472.7 2.4,-15.9647126,34.9079458,472.7,2.4,Yes,17/10/2024,-15.9671657 34.9090797 450.0 4.366,-15.9671657,34.9090797,450,4.366,Male,21-35,No formal education,Pig Farm,,3,3,1,0,0,0,0,0,0,0,1,0,To prevent diseases To treat diseases,1,1,0,0,,,,,,,,,,1,1,0,0,0,0,0,0,0,0,0,Sometimes,1,1,0,0,0,,Penicillin Oxytetracycline,0,0,0,0,0,0,0,0,0,0,0,1,0,0,1,0,0,0,0,0,0,0,0,,0,1,0,0,0,,1,0,0,0,0,0,0,0,0,,Yes,No,No,Yes,Yes,No,Yes,Yes,No,No,No,0,1,0,0,1,0,Yes,0,0,1,0,0,Disposal in regular waste,0,0,1,0,I don't know,Composting,1,0,0,0,0,,More than two weeks,0,0,1,0,Yes,397789468,ebe1adb0-28ca-40c9-a0be-781d602121e8,2024-10-21T15:59:42,,,submitted_via_web,khethire1,vtuqCcaWP7z6j38qRcYFDt,,93
2024-10-17T13:15:35.047+02:00,2024-10-17T13:25:34.021+02:00,-15.8914388 34.9681268 451.2 3.7,-15.8914388,34.9681268,451.2,3.7,Yes,17/10/2024,-15.8914417 34.9681483 886.8000000000001 4.9,-15.8914417,34.9681483,886.8,4.9,Male,>50,Tertiary education,Pig Farm,,6,4,1,0,0,0,0,0,0,1,1,0,To prevent diseases To treat diseases,1,1,0,0,,,,,,,,,,1,1,0,0,0,0,1,0,0,0,0,Never,0,1,0,0,0,,Penicillin Oxytetracycline Gentamicin,0,0,0,0,0,1,0,0,0,0,0,1,0,1,0,0,0,0,0,0,0,0,0,,0,1,1,0,0,,1,0,0,0,0,0,0,1,0,,Yes,Yes,Yes,Yes,Yes,No,Yes,No,No,Yes,Yes,0,1,0,0,1,0,Yes,0,0,1,0,0,Disposal in regular waste,0,0,1,0,I don't know,Storing for later use,0,0,1,0,0,,More than two weeks,0,0,1,0,No,397789470,1dd7b4aa-1605-4506-a91a-2fd26ee391fe,2024-10-21T15:59:43,,,submitted_via_web,khethire1,vtuqCcaWP7z6j38qRcYFDt,,94
2024-10-18T08:44:31.099+02:00,2024-10-19T10:56:38.251+02:00,-15.8213976 35.0590656 1165.9000244140625 1.7,-15.8213976,35.0590656,1165.900024,1.7,Yes,18/10/2024,-15.8862937 34.9704366 849.5 4.95,-15.8862937,34.9704366,849.5,4.95,Female,21-35,Tertiary education,Pig Farm,,6,1,1,0,0,0,0,1,0,0,1,0,To treat diseases To prevent diseases,1,1,0,0,,,,,,,,,,1,1,0,0,0,0,1,0,0,0,0,Always,1,0,0,0,0,,Oxytetracycline Penicillin Other (specify),0,0,0,0,0,0,0,0,0,0,1,1,0,1,0,0,0,0,0,0,0,0,0,Multivitamin ,1,0,0,0,0,,1,0,0,0,0,0,0,0,0,,Yes,Yes,No,No,Yes,No,Yes,Yes,Yes,Yes,No,0,1,0,0,0,0,I don't know,0,0,1,0,0,Disposal in regular waste,0,0,1,0,Yes,Spreading directly on fields Storing for later use,0,1,1,0,0,,1-2 weeks,0,1,0,0,I don't know,397789475,603ae2c1-7245-411c-905d-c5ae3c2f27c5,2024-10-21T15:59:43,,,submitted_via_web,khethire1,vtuqCcaWP7z6j38qRcYFDt,,95
2024-10-21T09:18:32.066+02:00,2024-10-21T09:25:07.607+02:00,-15.8701922 34.9557232 884.8000000000001 1.75,-15.8701922,34.9557232,884.8,1.75,Yes,21/10/2024,-15.8677884 34.9571216 877.6 4.942,-15.8677884,34.9571216,877.6,4.942,Male,36-49,Tertiary education,Pig Farm,,8,3,1,0,0,0,0,0,0,1,1,0,To treat diseases,1,0,0,0,,,,,,,,,,1,1,0,0,0,0,1,0,0,0,0,Never,0,1,0,0,0,,Penicillin Oxytetracycline Amoxicillin Gentamicin,0,0,0,0,0,1,1,0,0,0,0,1,0,0,1,0,0,0,0,0,0,0,0,,0,1,0,1,0,,1,0,1,0,0,0,0,0,0,,Yes,Yes,Yes,Yes,I don't know,No,Yes,I don't Know,No,No,No,0,0,0,0,0,1,I don't know,0,0,1,0,0,Disposal in regular waste,0,0,1,0,I don't know,Spreading directly on fields,0,1,0,0,0,,I don't store manure,0,0,0,1,I don't know,397789480,7c724740-72bd-477b-ac87-dea6f457ea9d,2024-10-21T15:59:44,,,submitted_via_web,khethire1,vtuqCcaWP7z6j38qRcYFDt,,96
2024-10-21T09:54:28.548+02:00,2024-10-21T10:02:02.544+02:00,-15.8571439 34.9626592 837.7 2.15,-15.8571439,34.9626592,837.7,2.15,Yes,21/10/2024,-15.856449 34.9615334 823.6 4.414,-15.856449,34.9615334,823.6,4.414,Female,36-49,Tertiary education,Pig Farm,,4,4,1,0,0,0,0,1,0,0,0,0,To treat diseases To prevent diseases,1,1,0,0,,,,,,,,,,1,1,0,0,1,0,1,0,0,0,0,Always,1,0,0,0,0,,Penicillin Oxytetracycline Oxytetracycline Other (specify),0,0,0,0,0,0,0,0,0,0,1,1,0,1,1,0,0,0,0,0,0,0,0,"Multivitamin, calcium, dexamethasone and pen strep ",1,0,0,0,0,,1,0,0,0,0,0,0,0,0,,Yes,Yes,No,No,Yes,No,Yes,Yes,Yes,Yes,Yes,0,1,0,0,0,0,No,0,0,1,0,0,Disposal in regular waste,0,0,1,0,Yes,Spreading directly on fields,0,1,0,0,0,,I don't store manure,0,0,0,1,I don't know,397789484,131a3c1a-7299-45eb-8a04-5f395786c220,2024-10-21T15:59:45,,,submitted_via_web,khethire1,vtuqCcaWP7z6j38qRcYFDt,,97
2024-10-21T14:50:38.176+02:00,2024-10-21T15:32:12.967+02:00,-15.8357193 35.0541491 1110.3 1.85,-15.8357193,35.0541491,1110.3,1.85,Yes,21/10/2024,-15.8357093 35.054151 1110.4 2.05,-15.8357093,35.054151,1110.4,2.05,Female,>50,Tertiary education,Pig Farm,,2,1,1,0,0,0,1,0,0,1,0,0,To prevent diseases,0,1,0,0,,,,,,,,,,1,1,0,0,1,0,0,0,0,0,0,Never,0,1,0,0,0,,Penicillin Oxytetracycline Penicillin Oxytetracycline Oxytetracycline Oxytetracycline,0,0,0,0,0,0,0,0,0,0,0,1,1,1,1,0,1,0,0,0,0,0,1,,0,1,0,0,0,,0,0,0,1,0,0,0,0,0,,Yes,Yes,Yes,No,I don't know,Yes,I don't know,I don't Know,No,No,No,0,0,0,0,1,0,No,0,0,0,1,0,Disposal on open field or water body,0,0,0,1,Yes,Disposing of it in a landfill,0,0,0,1,0,,I don't store manure,0,0,0,1,I don't know,397789488,28410564-5eba-4e9d-ad14-98b2a2e82e1b,2024-10-21T15:59:45,,,submitted_via_web,khethire1,vtuqCcaWP7z6j38qRcYFDt,,98
2024-10-22T13:29:30.111+02:00,2024-10-22T13:36:53.416+02:00,-15.8911177 34.9704706 0.0 500.0,-15.8911177,34.9704706,0,500,Yes,22/10/2024,-15.8872222 34.9754044 848.0 4.855,-15.8872222,34.9754044,848,4.855,Male,36-49,Tertiary education,Both,3000,300,10,1,0,1,0,1,1,0,1,1,0,To treat diseases To prevent diseases,1,1,0,0,,1,1,1,1,0,1,1,1,0,1,1,1,1,1,0,0,0,1,0,Sometimes,1,1,0,0,0,,Penicillin Oxytetracycline Trimethoprim-Sulfamethoxazole Amoxicillin Gentamicin Doxycycline,0,0,0,0,0,1,1,0,0,0,0,1,0,1,0,0,0,1,0,0,0,1,0,,1,0,1,0,0,,1,0,1,1,0,0,0,1,0,,Yes,Yes,Yes,No,Yes,No,Yes,Yes,No,Yes,Yes,1,0,0,0,0,0,No,0,1,1,0,0,Incineration Disposal in regular waste,0,1,1,0,Yes No,Composting Storing for later use,1,0,1,0,0,,More than two weeks,0,0,1,0,Yes,398103102,b69a270c-3229-4cdb-a1ec-017cd6d15a81,2024-10-22T11:37:11,,,submitted_via_web,khethire1,vtuqCcaWP7z6j38qRcYFDt,,99
2024-10-21T09:38:22.124+02:00,2024-10-21T09:50:09.982+02:00,,,,,,Yes,21/10/2024,-15.8127513 34.9903528 961.0 4.551,-15.8127513,34.9903528,961,4.551,Female,21-35,Tertiary education,Poultry farm,30,,5,1,1,1,0,1,0,1,0,1,0,To prevent diseases To treat diseases,1,1,0,0,,1,1,1,0,0,1,1,0,,,,,,,,,,,,Never,0,1,0,0,0,,Oxytetracycline Trimethoprim-Sulfamethoxazole Sulfadiazine Amoxicillin,0,0,0,1,0,0,1,0,0,0,0,0,0,1,0,0,0,1,0,0,0,0,0,,0,1,1,0,0,,0,0,0,1,1,0,1,1,0,,Yes,Yes,Yes,No,I don't know,No,Yes,I don't Know,No,Yes,Yes,1,0,1,1,0,0,Yes,0,1,1,0,0,Incineration Disposal in regular waste,0,1,1,0,No,Storing for later use,0,0,1,0,0,,More than two weeks,0,0,1,0,I don't know,398103115,829a67ee-85a9-4ea1-8d29-ad4ea68f7f27,2024-10-22T11:37:11,,,submitted_via_web,khethire1,vtuqCcaWP7z6j38qRcYFDt,,100
2024-10-21T09:12:00.431+02:00,2024-10-21T09:28:32.017+02:00,-15.8136617 34.9919774 992.0 100.0,-15.8136617,34.9919774,992,100,Yes,,-15.8126327 34.9911952 974.0 4.854,-15.8126327,34.9911952,974,4.854,Male,36-49,Secondary school,Poultry farm,26,,8,1,1,1,0,1,0,1,1,1,0,To treat diseases To prevent diseases,1,1,0,0,,1,1,1,1,0,0,1,0,,,,,,,,,,,,Never,0,1,0,0,0,,Trimethoprim-Sulfamethoxazole Oxytetracycline,0,0,0,0,0,0,0,0,0,0,0,0,0,0,0,0,1,1,0,0,0,0,0,,0,1,1,0,0,,0,0,0,1,0,0,1,1,0,,Yes,Yes,No,No,I don't know,No,Yes,I don't Know,No,No,No,0,0,0,0,0,1,Yes,0,0,1,0,0,Disposal in regular waste,0,0,1,0,No,Storing for later use Spreading directly on fields,0,1,1,0,0,,More than two weeks,0,0,1,0,I don't know,398103123,8856d370-55b6-4c5d-acea-d398e58e0ceb,2024-10-22T11:37:12,,,submitted_via_web,khethire1,vtuqCcaWP7z6j38qRcYFDt,,101
2024-10-21T09:01:33.694+02:00,2024-10-21T09:11:41.999+02:00,-15.8133232 34.9918436 1001.0 1899.999,-15.8133232,34.9918436,1001,1899.999,Yes,21/10/2024,-15.8136845 34.9928007 997.0 4.647,-15.8136845,34.9928007,997,4.647,Female,>50,Tertiary education,Poultry farm,50,,10,1,0,1,0,1,0,1,1,1,0,To prevent diseases To treat diseases,1,1,0,0,,1,1,1,1,0,0,0,0,,,,,,,,,,,,Sometimes,0,1,0,0,0,,Oxytetracycline Sulfadiazine Trimethoprim-Sulfamethoxazole,0,0,0,1,0,0,0,0,0,0,0,0,0,1,0,0,0,0,1,0,0,0,0,,0,1,1,0,0,,0,0,0,1,1,0,1,1,0,,Yes,Yes,Yes,No,Yes,No,Yes,I don't Know,No,Yes,Yes,1,0,0,0,0,0,Yes,0,0,1,0,0,Disposal in regular waste,0,0,1,0,No,Storing for later use Composting,1,0,1,0,0,,More than two weeks,0,0,1,0,I don't know,398103132,52ebc026-16a0-4f63-9a98-570908b2f5ba,2024-10-22T11:37:13,,,submitted_via_web,khethire1,vtuqCcaWP7z6j38qRcYFDt,,102
2024-10-23T08:33:15.809+02:00,2024-10-23T08:44:56.523+02:00,-15.8810438 35.0776517 1114.0063370680436 106.018,-15.8810438,35.0776517,1114.006337,106.018,Yes,23/10/2024,-15.880407 35.0785916 1160.8806480839849 4.9,-15.880407,35.0785916,1160.880648,4.9,Male,21-35,Secondary school,Poultry farm,600,,2,1,0,1,0,0,1,0,0,1,0,To treat diseases,1,0,0,0,,0,0,1,1,1,0,0,0,,,,,,,,,,,,Sometimes,1,1,0,0,0,,Oxytetracycline Trimethoprim-Sulfamethoxazole Gentamicin Enrofloxacin Tylosin,0,0,0,0,0,1,0,0,1,0,0,0,0,0,0,0,0,1,0,1,0,0,1,,0,1,0,0,0,,0,0,1,0,0,0,0,1,0,,Yes,Yes,Yes,Yes,I don't know,Yes,Yes,I don't Know,Yes,No,No,0,1,1,0,0,0,Yes,1,0,0,0,0,Disposal in regular waste,0,0,1,0,I don't know,Composting,1,0,0,0,0,,More than two weeks,0,0,1,0,Yes,398430553,1501cb18-d67d-45a7-8f84-ea78a42a99ba,2024-10-23T06:45:17,,,submitted_via_web,khethire1,vtuqCcaWP7z6j38qRcYFDt,,103
2024-10-20T18:58:32.174+02:00,2024-10-23T08:45:32.170+02:00,-15.8768077 35.0852849 1107.4455594457686 19.0,-15.8768077,35.0852849,1107.445559,19,Yes,20/10/2024,-15.8769643 35.0846684 1093.3786531519145 4.494,-15.8769643,35.0846684,1093.378653,4.494,Male,21-35,No formal education,Both,12,8,4,1,1,1,0,0,1,0,1,0,0,To treat diseases To prevent diseases,1,1,0,0,,1,0,1,1,1,1,0,0,1,0,0,0,1,0,0,0,0,0,0,Sometimes,1,0,0,0,0,,Oxytetracycline,0,0,0,0,0,0,0,0,0,0,0,0,0,0,0,0,1,0,0,0,0,0,0,,1,0,0,0,0,,1,0,0,0,0,0,0,0,0,,No,No,No,Yes,I don't know,No,Yes,I don't Know,No,No,No,0,1,0,0,0,0,Yes,1,0,0,0,0,Disposal in regular waste,0,0,1,0,I don't know,Composting,1,0,0,0,0,,More than two weeks,0,0,1,0,Yes,398430673,7ef71d32-1a1c-4576-b613-f2344cfb5abb,2024-10-23T06:45:42,,,submitted_via_web,khethire1,vtuqCcaWP7z6j38qRcYFDt,,104
2024-10-23T09:21:50.457+02:00,2024-10-23T09:27:55.130+02:00,-15.8788875 35.0853434 1080.370042257011 19.0,-15.8788875,35.0853434,1080.370042,19,Yes,23/10/2024,-15.8793438 35.0853419 1107.0708247944713 4.862,-15.8793438,35.0853419,1107.070825,4.862,Male,21-35,Secondary school,Pig Farm,,8,3,1,0,0,0,0,0,0,1,1,0,To treat diseases,1,0,0,0,,,,,,,,,,1,0,0,0,1,0,0,0,0,1,0,Never,0,1,0,0,0,,Oxytetracycline,0,0,0,0,0,0,0,0,0,0,0,0,0,0,0,0,1,0,0,0,0,0,0,,0,1,0,0,0,,0,0,0,1,0,0,0,1,0,,No,Yes,Yes,Yes,I don't know,No,Yes,I don't Know,No,No,No,0,0,1,1,1,0,Yes,1,0,0,0,0,Disposal in regular waste,0,0,1,0,I don't know,Composting,1,0,0,0,0,,More than two weeks,0,0,1,0,Yes,398444727,0c116ff8-cdf1-4754-83f2-f151a5610fb9,2024-10-23T07:28:14,,,submitted_via_web,khethire1,vtuqCcaWP7z6j38qRcYFDt,,105
2024-10-23T09:39:40.248+02:00,2024-10-23T09:52:21.929+02:00,-15.885879 35.0875691 1088.2010004799813 5.448,-15.885879,35.0875691,1088.201,5.448,Yes,23/10/2024,-15.8857175 35.0881082 1086.5682774195448 4.806,-15.8857175,35.0881082,1086.568277,4.806,Male,36-49,Secondary school,Both,12,14,4,1,0,1,0,0,1,0,1,1,0,To treat diseases,1,0,0,0,,0,0,1,1,1,0,0,0,1,0,0,0,1,1,0,0,0,1,0,Sometimes,1,1,0,0,0,,Oxytetracycline,0,0,0,0,0,0,0,0,0,0,0,0,0,1,0,0,0,0,0,0,0,0,0,,1,1,0,0,0,,1,0,1,1,0,0,0,1,0,,Yes,Yes,Yes,No,I don't know,Yes,Yes,I don't Know,Yes,No,No,0,1,1,1,1,0,Yes,0,0,1,0,0,Disposal in regular waste,0,0,1,0,I don't know,Storing for later use,0,0,1,0,0,,More than two weeks,0,0,1,0,Yes,398454036,2b07aa91-19e7-404e-944b-f663da990ee3,2024-10-23T07:52:32,,,submitted_via_web,khethire1,vtuqCcaWP7z6j38qRcYFDt,,106
2024-10-24T08:40:14.978+02:00,2024-10-24T09:42:04.592+02:00,-15.8139181 34.9938024 998.0 33.8,-15.8139181,34.9938024,998,33.8,Yes,24/10/2024,-15.8136805 34.9933536 999.0 4.551,-15.8136805,34.9933536,999,4.551,Female,>50,Secondary school,Poultry farm,25,,15,1,1,1,0,0,0,1,1,1,0,To treat diseases To prevent diseases,1,1,0,0,,1,1,1,1,0,1,1,0,,,,,,,,,,,,Sometimes,0,1,0,0,0,,Oxytetracycline Trimethoprim-Sulfamethoxazole,0,0,0,0,0,0,0,0,0,0,0,0,0,1,0,0,0,0,1,0,0,0,0,,0,1,0,0,0,,0,0,0,1,0,1,0,1,0,,Yes,Yes,No,No,I don't know,No,I don't know,I don't Know,No,No,No,0,0,0,0,0,1,I don't know,0,1,1,0,0,Disposal in regular waste,0,0,1,0,No,Storing for later use Composting,1,0,1,0,0,,More than two weeks,0,0,1,0,I don't know,398906142,f5e14ce5-36e1-47ab-aac0-3d841fd9fbf3,2024-10-24T07:46:55,,,submitted_via_web,khethire1,vtuqCcaWP7z6j38qRcYFDt,,107
2024-10-24T09:42:31.487+02:00,2024-10-24T09:46:44.457+02:00,,,,,,Yes,24/10/2024,-15.8133984 34.9930692 997.0 4.892,-15.8133984,34.9930692,997,4.892,Female,>50,Secondary school,Poultry farm,20,,15,1,1,1,0,0,0,0,1,1,0,To treat diseases To prevent diseases,1,1,0,0,,1,1,1,1,0,0,1,1,,,,,,,,,,,,Sometimes,0,1,0,0,0,,Oxytetracycline Trimethoprim-Sulfamethoxazole,0,0,0,0,0,0,0,0,0,0,0,0,0,1,0,0,0,1,0,0,0,0,0,,0,1,0,0,0,,0,0,0,1,0,1,1,1,0,,Yes,Yes,Yes,No,I don't know,No,Yes,I don't Know,No,No,No,0,0,0,0,0,1,I don't know,0,0,1,0,0,Disposal in regular waste,0,0,1,0,Yes,Composting Storing for later use,1,0,1,0,0,,More than two weeks,0,0,1,0,I don't know,398906147,a137d6b5-3ad0-4272-81eb-95c41ce3ae59,2024-10-24T07:46:56,,,submitted_via_web,khethire1,vtuqCcaWP7z6j38qRcYFDt,,108
2024-10-24T09:47:33.650+02:00,2024-10-24T09:53:41.757+02:00,-15.8132931 34.9934476 1004.0 5.764,-15.8132931,34.9934476,1004,5.764,Yes,24/10/2024,-15.8132925 34.9934468 999.0 4.924,-15.8132925,34.9934468,999,4.924,Female,>50,Secondary school,Poultry farm,10,,8,1,1,1,0,1,0,0,1,1,0,To treat diseases To prevent diseases,1,1,0,0,,1,1,1,0,0,1,1,0,,,,,,,,,,,,Sometimes,0,1,0,0,0,,Oxytetracycline Trimethoprim-Sulfamethoxazole,0,0,0,0,0,0,0,0,0,0,0,0,0,1,0,0,0,1,0,0,0,0,0,,0,1,0,0,0,,0,0,0,1,0,1,1,1,0,,Yes,Yes,Yes,No,Yes,No,Yes,I don't Know,No,No,No,0,0,0,0,0,1,I don't know,0,0,1,0,0,Disposal in regular waste,0,0,1,0,No,Composting Storing for later use,1,0,1,0,0,,More than two weeks,0,0,1,0,I don't know,398908533,35adf7ce-1fd6-40a7-86fa-e6c8b66320ee,2024-10-24T07:53:49,,,submitted_via_web,khethire1,vtuqCcaWP7z6j38qRcYFDt,,109
2024-10-24T13:19:50.262+02:00,2024-10-24T13:24:19.767+02:00,-15.8138082 34.9941183 1008.0 13.147,-15.8138082,34.9941183,1008,13.147,Yes,,-15.8138105 34.9941112 1003.0 4.81,-15.8138105,34.9941112,1003,4.81,Female,21-35,Secondary school,Poultry farm,30,,6,1,1,1,0,1,0,0,1,1,0,To treat diseases To prevent diseases,1,1,0,0,,1,0,1,1,0,1,1,0,,,,,,,,,,,,Sometimes,1,1,0,0,0,,Oxytetracycline Trimethoprim-Sulfamethoxazole Amoxicillin,0,0,0,0,0,0,1,0,0,0,0,0,0,1,0,0,0,1,0,0,0,0,0,,0,1,0,0,0,,0,0,0,1,0,0,0,1,0,,Yes,Yes,Yes,No,Yes,No,Yes,I don't Know,No,Yes,Yes,1,0,1,1,1,0,Yes,0,1,1,0,0,Disposal in regular waste Incineration,0,1,1,0,No,Storing for later use Composting,1,0,1,0,0,,More than two weeks,0,0,1,0,I don't know,398998081,68e92ed5-4918-4845-b3de-39f1c45e42e0,2024-10-24T11:24:26,,,submitted_via_web,khethire1,vtuqCcaWP7z6j38qRcYFDt,,110
2024-10-25T09:05:15.440+02:00,2024-10-25T09:20:12.907+02:00,,,,,,Yes,25/10/2024,-15.7795324 35.0265974 1052.0 2099.999,-15.7795324,35.0265974,1052,2099.999,Female,36-49,Tertiary education,Both,30,1,2,1,1,1,0,0,1,0,0,0,0,To treat diseases,1,0,0,0,,0,0,0,1,0,0,0,0,,,,,,,,,,,,Always,0,1,0,0,0,,Penicillin,0,0,0,0,0,0,0,0,0,0,0,1,0,0,0,0,0,0,0,0,0,0,0,,1,0,0,0,0,,1,0,0,0,1,0,0,1,0,,Yes,Yes,No,No,Yes,No,Yes,Yes,No,No,No,,,,,,,I don't know,0,0,1,0,0,Disposal in regular waste,0,0,1,0,No,Composting,1,0,0,0,0,,More than two weeks,0,0,1,0,I don't know,399318982,ef51a348-56b1-43ca-b097-a4fdbf7e7f81,2024-10-25T07:20:28,,,submitted_via_web,khethire1,vtuqCcaWP7z6j38qRcYFDt,,111
2024-10-25T16:43:40.411+02:00,2024-10-25T16:48:26.938+02:00,-15.8144806 34.9942367 0.0 100.0,-15.8144806,34.9942367,0,100,Yes,25/10/2024,-15.8133496 34.9937769 997.0 4.854,-15.8133496,34.9937769,997,4.854,Female,36-49,Secondary school,Poultry farm,10,,8,1,1,1,0,0,0,1,1,1,0,To treat diseases To prevent diseases,1,1,0,0,,1,1,1,1,0,0,0,0,,,,,,,,,,,,Never,0,1,0,0,0,,Oxytetracycline Trimethoprim-Sulfamethoxazole Doxycycline,0,0,0,0,0,0,0,0,0,0,0,0,0,0,1,0,0,0,1,0,1,0,0,,0,1,0,0,0,,0,0,0,1,0,1,1,1,0,,Yes,Yes,Yes,No,I don't know,No,Yes,I don't Know,No,No,No,0,0,0,0,0,1,I don't know,0,0,1,0,0,Disposal in regular waste,0,0,1,0,No,Storing for later use,0,0,1,0,0,,More than two weeks,0,0,1,0,I don't know,399525223,fea5973f-d62e-42ba-ab9c-cfa93036a05f,2024-10-25T16:02:01,,,submitted_via_web,khethire1,vtuqCcaWP7z6j38qRcYFDt,,112
2024-10-25T16:48:55.777+02:00,2024-10-25T16:53:32.899+02:00,,,,,,Yes,25/10/2024,-15.8123926 34.9935431 995.8999633789062 4.612,-15.8123926,34.9935431,995.8999634,4.612,Female,36-49,Secondary school,Poultry farm,15,,11,1,1,1,0,0,0,0,1,1,0,To treat diseases To prevent diseases,1,1,0,0,,1,1,1,1,0,0,0,0,,,,,,,,,,,,Never,0,1,0,0,0,,Penicillin Oxytetracycline Trimethoprim-Sulfamethoxazole,0,0,0,0,0,0,0,0,0,0,0,1,0,1,0,0,0,1,0,0,0,0,0,,0,1,0,0,0,,0,0,0,1,0,1,1,1,0,,Yes,Yes,Yes,No,I don't know,No,I don't know,I don't Know,No,No,No,0,0,0,0,0,1,Yes,0,0,1,0,0,Disposal in regular waste,0,0,1,0,No,Storing for later use Spreading directly on fields,0,1,1,0,0,,More than two weeks,0,0,1,0,I don't know,399525229,905619b5-0018-40a0-9f9e-d2bd8d7dee63,2024-10-25T16:02:02,,,submitted_via_web,khethire1,vtuqCcaWP7z6j38qRcYFDt,,113
2024-10-25T17:00:52.701+02:00,2024-10-25T17:09:40.546+02:00,-15.814479 34.994234 995.8999633789062 100.0,-15.814479,34.994234,995.8999634,100,Yes,25/10/2024,-15.8142309 34.9947266 1019.0 4.843,-15.8142309,34.9947266,1019,4.843,Female,21-35,Primary school,Poultry farm,18,,7,1,1,1,0,1,0,0,1,1,0,To treat diseases To prevent diseases,1,1,0,0,,1,1,1,0,0,0,1,0,,,,,,,,,,,,Never,0,1,0,0,0,,Penicillin Oxytetracycline Trimethoprim-Sulfamethoxazole,0,0,0,0,0,0,0,0,0,0,0,1,0,1,0,0,0,1,0,0,0,0,0,,0,1,0,1,0,,0,0,0,1,0,0,1,1,0,,Yes,Yes,Yes,No,I don't know,No,I don't know,I don't Know,No,Yes,Yes,1,0,1,0,0,0,Yes,0,0,1,0,0,Disposal in regular waste,0,0,1,0,No,Storing for later use,0,0,1,0,0,,More than two weeks,0,0,1,0,I don't know,399525235,27c26971-af98-4e6d-aec3-deeaf66fd8b9,2024-10-25T16:02:03,,,submitted_via_web,khethire1,vtuqCcaWP7z6j38qRcYFDt,,114
2024-10-26T19:00:29.544+02:00,2024-10-26T19:08:09.394+02:00,-15.8138102 34.9920359 975.0 5.988,-15.8138102,34.9920359,975,5.988,Yes,26/10/2024,-15.8137963 34.9920456 980.0 4.916,-15.8137963,34.9920456,980,4.916,Female,>50,Secondary school,Pig Farm,,5,10,1,1,0,0,1,1,1,1,1,0,To treat diseases To prevent diseases,1,1,0,0,,,,,,,,,,0,1,0,0,1,0,0,0,0,1,1,Sometimes,0,1,0,0,0,,Penicillin Oxytetracycline Amoxicillin,0,0,0,0,0,0,1,0,0,0,0,1,0,0,0,0,1,0,0,0,0,0,0,,0,1,1,0,0,,1,0,0,0,0,0,0,1,0,,Yes,Yes,Yes,No,I don't know,No,Yes,I don't Know,No,Yes,Yes,1,0,0,0,0,0,Yes,0,0,1,0,0,Disposal in regular waste,0,0,1,0,Yes,Storing for later use,0,0,1,0,0,,More than two weeks,0,0,1,0,No,399856769,599c0f6b-c3ea-4be4-8029-ce4dc600b4e0,2024-10-26T17:17:39,,,submitted_via_web,khethire1,vtuqCcaWP7z6j38qRcYFDt,,115
2024-10-26T19:08:13.700+02:00,2024-10-26T19:17:31.635+02:00,-15.8128423 34.9900627 971.0 8.191,-15.8128423,34.9900627,971,8.191,Yes,26/10/2024,-15.8128028 34.9900478 966.0 4.803,-15.8128028,34.9900478,966,4.803,Male,21-35,Secondary school,Poultry farm,70,,5,1,1,1,0,1,0,0,0,1,0,To prevent diseases To treat diseases,1,1,0,0,,1,1,1,1,0,1,1,0,,,,,,,,,,,,Sometimes,0,1,0,0,0,,Oxytetracycline Trimethoprim-Sulfamethoxazole,0,0,0,0,0,0,0,0,0,0,0,0,0,1,0,0,0,1,0,0,0,0,0,,0,1,0,0,0,,0,0,0,0,1,0,0,1,0,,Yes,Yes,Yes,No,I don't know,No,Yes,I don't Know,No,Yes,Yes,1,0,0,0,0,0,No,0,0,1,0,0,Disposal in regular waste,0,0,1,0,No,Composting Storing for later use,1,0,1,0,0,,More than two weeks,0,0,1,0,No,399856774,f508a375-145f-436a-a333-75f15518019b,2024-10-26T17:17:40,,,submitted_via_web,khethire1,vtuqCcaWP7z6j38qRcYFDt,,116
2024-10-27T14:48:43.861+02:00,2024-10-27T14:54:21.704+02:00,-15.8112245 34.9949228 0.0 1600.0,-15.8112245,34.9949228,0,1600,Yes,27/10/2024,-15.811822 34.9943977 990.0 4.897,-15.811822,34.9943977,990,4.897,Female,21-35,Secondary school,Poultry farm,20,,5,1,1,1,0,1,0,1,0,1,0,To treat diseases To prevent diseases,1,1,0,0,,1,1,1,0,0,0,0,0,,,,,,,,,,,,Sometimes,0,1,0,0,0,,Oxytetracycline Trimethoprim-Sulfamethoxazole Other (specify),0,0,0,0,0,0,0,0,0,0,1,0,0,0,1,0,0,1,0,0,0,0,0,Vaccines,0,1,0,0,0,,0,0,0,1,0,1,1,1,0,,Yes,Yes,Yes,No,I don't know,No,Yes,I don't Know,No,No,No,0,0,0,0,0,1,Yes,0,0,1,0,0,Disposal in regular waste,0,0,1,0,Yes,Composting Storing for later use,1,0,1,0,0,,More than two weeks,0,0,1,0,I don't know,400032788,43d92540-3ca6-43d4-aa77-72397274e3b6,2024-10-27T12:59:26,,,submitted_via_web,khethire1,vtuqCcaWP7z6j38qRcYFDt,,117
2024-10-27T14:54:28.116+02:00,2024-10-27T14:59:16.647+02:00,-15.8130496 34.994011 995.8999633789062 4.551,-15.8130496,34.994011,995.8999634,4.551,Yes,27/10/2024,-15.8130572 34.9939942 995.8999633789062 4.562,-15.8130572,34.9939942,995.8999634,4.562,Male,36-49,Secondary school,Poultry farm,15,,15,1,1,1,0,1,0,1,1,1,0,To treat diseases To prevent diseases,1,1,0,0,,1,1,1,1,0,0,0,0,,,,,,,,,,,,Sometimes,0,1,0,0,0,,Oxytetracycline Amoxicillin,0,0,0,0,0,0,1,0,0,0,0,0,0,1,0,0,0,0,0,0,0,0,0,,0,1,0,0,0,,0,0,0,1,0,1,1,1,0,,Yes,Yes,Yes,No,I don't know,No,Yes,I don't Know,No,No,No,0,0,0,0,0,1,Yes,0,0,1,0,0,Disposal in regular waste,0,0,1,0,No,Composting Storing for later use,1,0,1,0,0,,More than two weeks,0,0,1,0,I don't know,400032791,91004e7e-2e84-42c2-86b5-00760fa5ec03,2024-10-27T12:59:27,,,submitted_via_web,khethire1,vtuqCcaWP7z6j38qRcYFDt,,118
